书名,作者,豆瓣评分,豆瓣链接
《贩罪》,三天两觉,9.8,https://book.douban.com/subject/26863353/
《盛世龙脉》,刘小骥,9.8,https://book.douban.com/subject/26890883/
《契诃夫小说全集》,[俄] 契诃夫,9.7,https://book.douban.com/subject/25841074/
《冰与火之歌》,[美]乔治・R.R.马丁,9.5,https://book.douban.com/subject/25826936/
《魔戒》,[英] J.R.R.托尔金,9.5,https://book.douban.com/subject/21979017/
《红楼梦》,[清] 曹雪芹 著,9.5,https://book.douban.com/subject/1007305/
《有匪1》,priest,9.5,https://book.douban.com/subject/26886310/
《冰与火之歌（卷三）》,[美] 乔治.R.R.马丁,9.5,https://book.douban.com/subject/1986291/
《金庸全集》,金庸,9.5,https://book.douban.com/subject/3532347/
《冰与火之歌（卷二）》,[美] 乔治.R.R.马丁,9.4,https://book.douban.com/subject/1464203/
《冰与火之歌・卷五・魔龙的狂舞（全三册）》,[美]乔治・R. R. 马丁,9.4,https://book.douban.com/subject/20381804/
《水蛇腰》,汪曾祺,9.4,https://book.douban.com/subject/6529759/
《菲利普迪克作品集（全5册）》,（美）菲利普迪克,9.4,https://book.douban.com/subject/25736982/
《1984》,[英] 乔治・奥威尔,9.3,https://book.douban.com/subject/4820710/
《卡拉马佐夫兄弟》,[俄]陀思妥耶夫斯基,9.3,https://book.douban.com/subject/1856494/
《猎豹》,[挪] 尤・奈斯博,9.3,https://book.douban.com/subject/26892080/
《飘（上下）》,[美国] 玛格丽特・米切尔,9.3,https://book.douban.com/subject/1068920/
《飘二代》,王若冲,9.3,https://book.douban.com/subject/26879246/
《冰与火之歌（卷一）》,[美] 乔治・R. R. 马丁,9.3,https://book.douban.com/subject/1336330/
《卡尔维诺文集（第三卷）》,[意大利] 卡尔维诺,9.3,https://book.douban.com/subject/1066165/
《加缪全集 （小说卷）》,加缪,9.3,https://book.douban.com/subject/4120475/
《三体全集》,刘慈欣,9.3,https://book.douban.com/subject/6518605/
《在少女花影下》,[法] 马塞尔・普鲁斯特 著,9.3,https://book.douban.com/subject/4199421/
《是，首相》,(英)乔纳森・林恩,9.3,https://book.douban.com/subject/20425489/
《百年孤独》,[哥伦比亚] 加西亚・马尔克斯,9.2,https://book.douban.com/subject/6082808/
《杀死一只知更鸟》,[美] 哈珀・李,9.2,https://book.douban.com/subject/6781808/
《动物农场》,[英] 乔治・奥威尔,9.2,https://book.douban.com/subject/2035179/
《一九八四・动物农场》,[英] 乔治・奥威尔,9.2,https://book.douban.com/subject/1082387/
《千门八将1》,高阳,9.2,https://book.douban.com/subject/26890239/
《受戒》,汪曾祺,9.2,https://book.douban.com/subject/1760432/
《三国演义（全二册）》,[明] 罗贯中,9.2,https://book.douban.com/subject/1019568/
《三体Ⅲ》,刘慈欣,9.2,https://book.douban.com/subject/5363767/
《三体Ⅱ》,刘慈欣,9.2,https://book.douban.com/subject/3066477/
《纳尔齐斯与歌尔德蒙》,[德]赫尔曼・黑塞,9.2,https://book.douban.com/subject/2165063/
《小谎言》,[澳]莉安・莫利亚提,9.2,https://book.douban.com/subject/26756561/
《虚构集》,[阿根廷]豪・路・博尔赫斯,9.2,https://book.douban.com/subject/3003477/
《银河英雄传说》,[日] 田中芳树,9.2,https://book.douban.com/subject/1418999/
《汪曾祺小说经典》,汪曾祺,9.2,https://book.douban.com/subject/1444077/
《群魔》,[俄] 费・陀思妥耶夫斯基,9.2,https://book.douban.com/subject/1437488/
《是，大臣》,(英)乔纳森・林恩,9.2,https://book.douban.com/subject/10764363/
《阿莱夫》,[阿根廷]豪・路・博尔赫斯,9.2,https://book.douban.com/subject/3003258/
《“太空漫游”四部曲》,[英]阿瑟・克拉克,9.2,https://book.douban.com/subject/20279665/
《博尔赫斯短篇小说集》,[阿根廷] 博尔赫斯,9.2,https://book.douban.com/subject/1768642/
《无愁河的浪荡汉子・朱雀城》,黄永玉,9.2,https://book.douban.com/subject/24872210/
《加西亚・马尔克斯中短篇小说集》,加西亚・马尔克斯,9.2,https://book.douban.com/subject/1807562/
《我的团长我的团（上部）》,兰晓龙,9.2,https://book.douban.com/subject/3297466/
《杏仁树的守望》,[美] 米歇尔克拉桑迪,9.2,https://book.douban.com/subject/26852295/
《冰与火之歌・卷四・群鸦的盛宴（全两册）》,（美）乔治・R・R・马丁,9.2,https://book.douban.com/subject/3210843/
《汪曾祺精选集》,汪曾祺,9.2,https://book.douban.com/subject/1734830/
《凶年》,(美) 戴维・西蒙,9.2,https://book.douban.com/subject/26315805/
《基地》,[美] 艾萨克・阿西莫夫,9.2,https://book.douban.com/subject/1258490/
《北鸢》,葛亮,9.1,https://book.douban.com/subject/26821461/
《活着》,余华,9.1,https://book.douban.com/subject/1082154/
《皮囊之下》,[英] 米歇尔・法柏,9.1,https://book.douban.com/subject/26866448/
《强风吹拂》,(日)三浦紫苑,9.1,https://book.douban.com/subject/26210487/
《唐人小说》,汪辟疆 校录,9.1,https://book.douban.com/subject/2257283/
《源泉》,[美] 安・兰德,9.1,https://book.douban.com/subject/1431870/
《肖申克的救赎》,[美] 斯蒂芬・金,9.1,https://book.douban.com/subject/1829226/
《博尔赫斯小说集》,[阿根廷] 博尔赫斯,9.1,https://book.douban.com/subject/1440972/
《海风中失落的血色馈赠》,[加拿大] 阿利斯泰尔・麦克劳德,9.1,https://book.douban.com/subject/26357614/
《生活与命运》,[俄罗斯] 瓦西里・格罗斯曼,9.1,https://book.douban.com/subject/26394018/
《毛姆短篇小说精选集》,(英)威廉・萨默塞特・毛姆,9.1,https://book.douban.com/subject/10774752/
《失明症漫记》,(葡)若泽・萨拉马戈,9.1,https://book.douban.com/subject/20428302/
《项塔兰》,[澳] 格里高利・大卫・罗伯兹,9.1,https://book.douban.com/subject/3673771/
《失忆的爱丽丝》,[澳]莉安・莫利亚提,9.1,https://book.douban.com/subject/26818183/
《小径分岔的花园》,[阿根廷] 博尔赫斯,9.1,https://book.douban.com/subject/1418058/
《大江东去（共三部）》,阿耐,9.1,https://book.douban.com/subject/3432304/
《追忆似水年华（上下册）》,[法国] 马塞尔・普鲁斯特,9.1,https://book.douban.com/subject/1092168/
《白夜行》,[日] 东野圭吾,9.1,https://book.douban.com/subject/3259440/
《鸟人》,[美] 威廉・沃顿,9.1,https://book.douban.com/subject/26742636/
《棋王.渫.孩子王》,阿城,9.1,https://book.douban.com/subject/3013624/
《新新日报馆：机械崛起》,梁清散,9.1,https://book.douban.com/subject/26868921/
《一曲终了》,胡学文,9.1,https://book.douban.com/subject/26825931/
《柏林孤谍》,[美] 约瑟夫・卡农,9.1,https://book.douban.com/subject/26852835/
《桤木王》,米歇尔・图尼埃,9.1,https://book.douban.com/subject/1461987/
《古拉格群岛（上中下）》,[俄] 亚历山大・索尔仁尼琴,9.1,https://book.douban.com/subject/1315844/
《斯・茨威格中短篇小说选》,斯・茨威格,9.1,https://book.douban.com/subject/1818583/
《故事新编》,鲁迅,9.1,https://book.douban.com/subject/26285194/
《大胆使用了绿色》,谈波,9.1,https://book.douban.com/subject/26348835/
《仇敌1》,常书欣,9.1,https://book.douban.com/subject/26873783/
《丰饶之海（上下）》,[日] 三岛由纪夫,9.1,https://book.douban.com/subject/1091904/
《神偷天下 1》,郑丰,9.1,https://book.douban.com/subject/26758990/
《战争风云：1939－1941（上下）》,（美）赫尔曼沃克,9.1,https://book.douban.com/subject/1069507/
《巨人的陨落》,[英] 肯・福莱特,9.0,https://book.douban.com/subject/26698660/
《平凡的世界（全三部）》,路遥,9.0,https://book.douban.com/subject/1200840/
《刀锋》,[英]毛姆,9.0,https://book.douban.com/subject/2035162/
《人生的枷锁》,[英] 毛姆,9.0,https://book.douban.com/subject/2035171/
《局外人》,[法] 阿尔贝・加缪,9.0,https://book.douban.com/subject/4908885/
《金色梦乡》,[日] 伊坂幸太郎,9.0,https://book.douban.com/subject/5038409/
《一个叫欧维的男人决定去死》,【瑞典】弗雷德里克・巴克曼,9.0,https://book.douban.com/subject/26672693/
《悉达多》,[德] 赫尔曼・黑塞,9.0,https://book.douban.com/subject/3406401/
《树上的男爵》,(意)卡尔维诺,9.0,https://book.douban.com/subject/6789605/
《你一生的故事》,[美] 特德・蒋,9.0,https://book.douban.com/subject/1187842/
《永恒的终结》,[美] 艾萨克・阿西莫夫,9.0,https://book.douban.com/subject/25829693/
《德米安》,[德] 赫尔曼・黑塞,9.0,https://book.douban.com/subject/3578470/
《来自新世界 （上下）》,[日] 贵志v介,9.0,https://book.douban.com/subject/25752955/
《阿城精选集》,阿城,9.0,https://book.douban.com/subject/1830445/
《额尔古纳河右岸》,迟子建,9.0,https://book.douban.com/subject/3311253/
《没有个性的人》,(奥地利)罗伯特・穆齐尔,9.0,https://book.douban.com/subject/1017334/
《大师和玛格丽特》,[俄] 布尔加科夫,9.0,https://book.douban.com/subject/1077492/
《采桑子》,叶广芩,9.0,https://book.douban.com/subject/3448867/
《玻璃球游戏》,[德]赫尔曼・黑塞,9.0,https://book.douban.com/subject/2165076/
《哈利・波特与魔法石》,[英] J. K. 罗琳,9.0,https://book.douban.com/subject/1041007/
《四世同堂（上下）》,老舍,9.0,https://book.douban.com/subject/1073744/
《直捣蜂窝的女孩》,[瑞典] 斯蒂格・拉森,9.0,https://book.douban.com/subject/5993310/
《地下室手记》,[俄] 陀思妥耶夫斯基,9.0,https://book.douban.com/subject/10759466/
《酒吧长谈》,[秘] 马里奥・巴尔加斯・略萨,9.0,https://book.douban.com/subject/5383804/
《宋末大变局.四川风云  上册》,张生全,9.0,https://book.douban.com/subject/26857201/
《象棋的故事》,[奥] 斯台芬・茨威格,9.0,https://book.douban.com/subject/2158684/
《Flipped》,Van Draanen, Wendelin,9.0,https://book.douban.com/subject/2669319/
《神经外科的黑色喜剧》,[美]法兰克・佛杜锡克 著,9.0,https://book.douban.com/subject/1852700/
《沙之书》,(阿根廷)博尔赫斯,9.0,https://book.douban.com/subject/25796049/
《天龙八部》,金庸,9.0,https://book.douban.com/subject/1255625/
《心灵的焦灼》,斯台芬・茨威格,9.0,https://book.douban.com/subject/2146279/
《2001太空漫游》,[英] 阿瑟・克拉克,9.0,https://book.douban.com/subject/2340609/
《死屋手记》,[俄] 陀思妥耶夫斯基,9.0,https://book.douban.com/subject/1088418/
《Infinite Jest》,David Foster Wallace,9.0,https://book.douban.com/subject/1767750/
《东方快车谋杀案》,[英] 阿加莎・克里斯蒂,9.0,https://book.douban.com/subject/1827374/
《熔炉》,（韩）孔枝泳,9.0,https://book.douban.com/subject/24862771/
《海伯利安》,[美] 丹・西蒙斯,9.0,https://book.douban.com/subject/2052049/
《大明王朝1566》,刘和平,9.0,https://book.douban.com/subject/1982427/
《热爱生命》,(美)杰克・伦敦著,9.0,https://book.douban.com/subject/1082147/
《大唐狄公案》,[荷兰] 高罗佩,9.0,https://book.douban.com/subject/3124386/
《天人五衰》,(日)三岛由纪夫,9.0,https://book.douban.com/subject/5395162/
《押沙龙，押沙龙！》,[美] 威廉・福克纳,9.0,https://book.douban.com/subject/4619135/
《64》,M山秀夫,9.0,https://book.douban.com/subject/25732311/
《卡尔维诺文集（第五卷）》,[意大利] 卡尔维诺,9.0,https://book.douban.com/subject/1032431/
《月亮和六便士》,[英] 毛姆,8.9,https://book.douban.com/subject/1858513/
《霍乱时期的爱情》,[哥伦比亚] 加西亚・马尔克斯,8.9,https://book.douban.com/subject/10594787/
《不属于我们的世纪》,[美] 马修・托马斯,8.9,https://book.douban.com/subject/26831234/
《围城》,钱锺书,8.9,https://book.douban.com/subject/1008145/
《思家小馆的晚餐》,[美] 安・泰勒,8.9,https://book.douban.com/subject/26864983/
《香蕉的低语》,[土耳其] 伊切・泰玛尔库兰,8.9,https://book.douban.com/subject/26864850/
《献给阿尔吉侬的花束》,[美] 丹尼尔・凯斯,8.9,https://book.douban.com/subject/1442869/
《火星救援》,[美] 安迪・威尔,8.9,https://book.douban.com/subject/26586492/
《台北人》,白先勇,8.9,https://book.douban.com/subject/5337248/
《无人生还》,[英] 阿加莎克里斯蒂,8.9,https://book.douban.com/subject/3006581/
《所有我们看不见的光》,安东尼・多尔,8.9,https://book.douban.com/subject/26431326/
《不存在的父亲》,[英] 迈克尔・道布斯,8.9,https://book.douban.com/subject/26837789/
《教父》,[美]马里奥・普佐,8.9,https://book.douban.com/subject/1092335/
《单程票》,[法]迪迪尔・范・考韦拉尔特,8.9,https://book.douban.com/subject/26840109/
《城南旧事》,林海音 文,8.9,https://book.douban.com/subject/1254588/
《基督山伯爵》,大仲马,8.9,https://book.douban.com/subject/1085860/
《嫌疑人X的献身》,[日] 东野圭吾,8.9,https://book.douban.com/subject/3211779/
《死缓（全两册）》,[法] 路易-费迪南・塞利纳,8.9,https://book.douban.com/subject/26640439/
《黑锅》,常书欣,8.9,https://book.douban.com/subject/26870160/
《奥丽芙・基特里奇》,(美)伊丽莎白・斯特劳特,8.9,https://book.douban.com/subject/6746290/
《荒原狼》,[德]赫尔曼・黑塞,8.9,https://book.douban.com/subject/3131626/
《霸王别姬 青蛇》,李碧华,8.9,https://book.douban.com/subject/1018577/
《卡夫卡小说全集（全三册）》,[奥] 卡夫卡,8.9,https://book.douban.com/subject/1081422/
《葬礼竞技会》,[英] 玛丽・瑞瑙特,8.9,https://book.douban.com/subject/26686803/
《爱德华・巴纳德的堕落》,[英] 毛姆,8.9,https://book.douban.com/subject/26840830/
《佩德罗・巴拉莫》,[墨西哥]胡安・鲁尔福,8.9,https://book.douban.com/subject/2295912/
《金瓯缺》,徐兴业,8.9,https://book.douban.com/subject/4000908/
《大师的盛宴》,奥森・斯科特・卡德 编,8.9,https://book.douban.com/subject/11511232/
《夜旅人》,赵熙之,8.9,https://book.douban.com/subject/26853361/
《少数派报告》,(美)菲利普・迪克,8.9,https://book.douban.com/subject/24715669/
《恐惧》,[奥]斯蒂芬茨威格,8.9,https://book.douban.com/subject/10563555/
《盲刺客》,玛・阿特伍德,8.9,https://book.douban.com/subject/1960035/
《道连・葛雷的画像》,[英] 奥斯卡・王尔德,8.9,https://book.douban.com/subject/1856025/
《再见，萤火虫小巷》,[美] 克莉丝汀・汉娜,8.9,https://book.douban.com/subject/26844525/
《亮剑》,都梁,8.9,https://book.douban.com/subject/1088022/
《梦书之城》,[德]瓦尔特・莫尔斯,8.9,https://book.douban.com/subject/25831096/
《希区柯克悬念故事集》,（美）希区柯克,8.9,https://book.douban.com/subject/4116629/
《哈利・波特与阿兹卡班的囚徒》,[英] J. K. 罗琳,8.9,https://book.douban.com/subject/1071241/
《哈利・波特与死亡圣器》,[英] J. K. 罗琳,8.9,https://book.douban.com/subject/2295163/
《血色子午线》,科马克・麦卡锡,8.9,https://book.douban.com/subject/20444771/
《绿毛水怪》,王小波,8.9,https://book.douban.com/subject/3518332/
《鱼王》,[苏]维・阿斯塔菲耶夫,8.9,https://book.douban.com/subject/1484616/
《悲惨世界（上中下）》,[法] 雨果,8.9,https://book.douban.com/subject/1205054/
《笑傲江湖（全四册）》,金庸,8.9,https://book.douban.com/subject/1002299/
《爱在黎明破晓前&amp;爱在日落黄昏时》,理查德・林克莱特,8.9,https://book.douban.com/subject/25924242/
《西线无战事》,[德国]埃里希・玛丽亚・雷马克,8.9,https://book.douban.com/subject/2254615/
《癌症楼》,[俄罗斯]亚历山大・索尔仁尼琴,8.9,https://book.douban.com/subject/2228707/
《涅朵奇卡・涅茨瓦诺娃》,陀思妥耶夫斯基,8.9,https://book.douban.com/subject/2131426/
《夏日遇见狄更斯》,[美] 雷・布拉德伯里,8.9,https://book.douban.com/subject/26834592/
《射雕英雄传（全四册）》,金庸,8.9,https://book.douban.com/subject/1044547/
《哈利・波特与火焰杯》,[英] J. K. 罗琳,8.9,https://book.douban.com/subject/1009257/
《过于喧嚣的孤独》,博・赫拉巴尔,8.9,https://book.douban.com/subject/4285240/
《永不言弃》,乔乔・莫伊斯,8.9,https://book.douban.com/subject/26611176/
《追风筝的人》,[美] 卡勒德・胡赛尼,8.8,https://book.douban.com/subject/1770782/
《斯通纳》,[美] 约翰・威廉斯,8.8,https://book.douban.com/subject/26425831/
《夜色人生》,[美] 丹尼斯・勒翰,8.8,https://book.douban.com/subject/26787935/
《静默》,[法] 维罗妮克・普兰,8.8,https://book.douban.com/subject/26849452/
《黄金时代》,王小波,8.8,https://book.douban.com/subject/1089243/
《过于喧嚣的孤独》,(捷克) 赫拉巴尔,8.8,https://book.douban.com/subject/6781794/
《呼兰河传》,萧红,8.8,https://book.douban.com/subject/1060852/
《看不见的城市》,[意大利]伊塔洛・卡尔维诺,8.8,https://book.douban.com/subject/1863930/
《阿特拉斯耸耸肩（上下）》,安・兰德,8.8,https://book.douban.com/subject/2302217/
《哈扎尔辞典（阳本）》,(塞尔维亚)米洛拉德・帕维奇,8.8,https://book.douban.com/subject/11528350/
《君士坦丁堡最后之恋》,[塞尔维亚]  米洛拉德・帕维奇,8.8,https://book.douban.com/subject/26431618/
《^P尾》,R家x,8.8,https://book.douban.com/subject/26777069/
《遥远的救世主》,豆豆,8.8,https://book.douban.com/subject/1322455/
《小说机杼》,[英] 詹姆斯・伍德,8.8,https://book.douban.com/subject/26394876/
《当尼采哭泣》,（美）欧文 D.亚隆（Irvin D.Yalom）,8.8,https://book.douban.com/subject/5940553/
《一加一》,[英]乔乔・莫伊斯,8.8,https://book.douban.com/subject/26756565/
《奇风岁月》,[美国] 罗伯特・麦卡蒙,8.8,https://book.douban.com/subject/6016234/
《白痴》,[俄]陀思妥耶夫斯基,8.8,https://book.douban.com/subject/1859108/
《寻找光的小女孩》,[法]Cyril Massarotto,8.8,https://book.douban.com/subject/26802228/
《春雪》,[日] 三岛由纪夫,8.8,https://book.douban.com/subject/3987362/
《吃了再爱，还是爱了再吃？》,匡靖,8.8,https://book.douban.com/subject/26866648/
《克罗诺皮奥与法玛的故事》,[阿根廷] 胡里奥・科塔萨尔,8.8,https://book.douban.com/subject/10764013/
《不存在的骑士》,[意] 伊塔洛・卡尔维诺,8.8,https://book.douban.com/subject/6789551/
《五号屠场》,(美)库尔特・冯内古特,8.8,https://book.douban.com/subject/3090810/
《三体》,刘慈欣,8.8,https://book.douban.com/subject/2567698/
《傲慢与偏见》,[英] 奥斯丁,8.8,https://book.douban.com/subject/1083428/
《最好的我们》,八月长安,8.8,https://book.douban.com/subject/24754316/
《野性的呼唤》,杰克・伦敦,8.8,https://book.douban.com/subject/1883353/
《呐喊》,鲁迅,8.8,https://book.douban.com/subject/1449351/
《朱q》,[日] 阿部和重,8.8,https://book.douban.com/subject/26771731/
《你往何处去》,[波]显克维奇,8.8,https://book.douban.com/subject/3733083/
《危险关系》,[美] 埃尔默・伦纳德,8.8,https://book.douban.com/subject/26760972/
《千江有水千江月》,萧丽红,8.8,https://book.douban.com/subject/1791664/
《务虚笔记》,史铁生,8.8,https://book.douban.com/subject/1165173/
《一个市民的自白》,[匈] 马洛伊・山多尔,8.8,https://book.douban.com/subject/26253801/
《苦炼》,[法] 玛格丽特・尤瑟纳尔,8.8,https://book.douban.com/subject/1256406/
《张爱玲文集》,张爱玲,8.8,https://book.douban.com/subject/1004992/
《这是不是个人》,[意] 普里莫・莱维,8.8,https://book.douban.com/subject/26666138/
《万物有灵且美》,[英] 吉米・哈利,8.8,https://book.douban.com/subject/4187411/
《银河系漫游指南》,[英] 道格拉斯・亚当斯,8.8,https://book.douban.com/subject/1394364/
《浮士德博士》,(德)托马斯・曼,8.8,https://book.douban.com/subject/10473352/
《我曾侍候过英国国王》,（捷克）赫拉巴尔,8.8,https://book.douban.com/subject/1038656/
《遍地风流》,阿城,8.8,https://book.douban.com/subject/1393473/
《爱达或爱欲》,(美)弗拉基米尔・纳博科夫,8.8,https://book.douban.com/subject/24871651/
《我弥留之际》,福克纳,8.8,https://book.douban.com/subject/1082946/
《不适之地》,[美] 茱帕・拉希里,8.8,https://book.douban.com/subject/5321892/
《小说鉴赏》,[美]克林斯・布鲁克斯（C. Brooks）,8.8,https://book.douban.com/subject/1950154/
《真幌站前狂骚曲》,[日]三浦紫苑,8.8,https://book.douban.com/subject/26686802/
《炽焰燃烧》,(美) 罗恩・拉什,8.8,https://book.douban.com/subject/6791412/
《欧・亨利短篇小说选》,[美] 欧・亨利(O’Henry),8.8,https://book.douban.com/subject/1254731/
《肉桂色铺子》,[波兰]布鲁诺・舒尔茨,8.8,https://book.douban.com/subject/4191701/
《哈利・波特与密室》,[英] J. K. 罗琳,8.8,https://book.douban.com/subject/1039487/
《明朝那些事儿（壹）》,当年明月,8.8,https://book.douban.com/subject/1873231/
《故事新编》,鲁迅,8.8,https://book.douban.com/subject/1000517/
《状元媒》,叶广芩,8.8,https://book.douban.com/subject/10556006/
《机器人大师》,(波兰)斯坦尼斯拉夫・莱姆,8.8,https://book.douban.com/subject/25978738/
《神雕侠侣》,金庸,8.8,https://book.douban.com/subject/1255624/
《大秦帝国》,孙皓晖,8.8,https://book.douban.com/subject/3079029/
《彷徨》,鲁迅,8.8,https://book.douban.com/subject/1449348/
《哈利・波特与混血王子》,[英] J. K. 罗琳,8.8,https://book.douban.com/subject/1432596/
《流浪地球》,刘慈欣,8.8,https://book.douban.com/subject/3266609/
《骑兵军》,（俄）伊萨克巴别尔,8.8,https://book.douban.com/subject/1074155/
《飞越疯人院》,[美] 肯・克西,8.8,https://book.douban.com/subject/3263006/
《玩火的女孩》,[瑞典] 斯蒂格・拉森,8.8,https://book.douban.com/subject/4934552/
《繁花》,金宇澄,8.7,https://book.douban.com/subject/22714154/
《牧羊少年奇幻之旅》,[巴西]保罗・柯艾略,8.7,https://book.douban.com/subject/3608208/
《灿烂千阳》,[美] 卡勒德・胡赛尼,8.7,https://book.douban.com/subject/2143732/
《许三观卖血记》,余华,8.7,https://book.douban.com/subject/1029791/
《奇爱博士》,[英] 彼得・乔治,8.7,https://book.douban.com/subject/26791409/
《陆犯焉识》,严歌苓,8.7,https://book.douban.com/subject/6880158/
《爱情和其他魔鬼》,[哥伦比亚] 加西亚・马尔克斯,8.7,https://book.douban.com/subject/26451351/
《一个陌生女人的来信》,[奥] 斯台芬・茨威格,8.7,https://book.douban.com/subject/2154960/
《如果在冬夜，一个旅人》,[意大利] 伊塔洛・卡尔维诺,8.7,https://book.douban.com/subject/2136484/
《面纱》,[英] W.萨默塞特・毛姆,8.7,https://book.douban.com/subject/10560798/
《烛烬》,[匈] 马洛伊・山多尔,8.7,https://book.douban.com/subject/26580084/
《棋王》,阿城,8.7,https://book.douban.com/subject/1020961/
《亲爱的阿道夫》,[美] 雷・布拉德伯里,8.7,https://book.douban.com/subject/26767242/
《爱与黑暗的故事》,(以色列)阿摩司・奥兹,8.7,https://book.douban.com/subject/2245449/
《匣心记（全四册）》,伍倩,8.7,https://book.douban.com/subject/26855761/
《万物的签名》,[美]伊丽莎白・吉尔伯特（Elizabeth Gilbert）,8.7,https://book.douban.com/subject/26300508/
《喧哗与骚动》,(美)威廉q福克纳,8.7,https://book.douban.com/subject/1052074/
《孽子》,白先勇,8.7,https://book.douban.com/subject/1076654/
《宇宙奇趣全集》,伊塔洛・卡尔维诺,8.7,https://book.douban.com/subject/5446490/
《出埃及记》,（美）里昂・尤里斯,8.7,https://book.douban.com/subject/3228779/
《万火归一》,[阿根廷] 胡里奥・科塔萨尔,8.7,https://book.douban.com/subject/3769738/
《暗杀大师：寻找伦勃朗》,[美] 丹尼尔・席尔瓦,8.7,https://book.douban.com/subject/26813101/
《软件体的生命周期》,[美] 特德・姜,8.7,https://book.douban.com/subject/26295450/
《山月记》,[日]中岛敦,8.7,https://book.douban.com/subject/20473505/
《人・兽・鬼》,钱锺书,8.7,https://book.douban.com/subject/1058679/
《罪与罚》,[俄] 陀思妥耶夫斯基,8.7,https://book.douban.com/subject/1022632/
《鼠疫》,（法）加缪,8.7,https://book.douban.com/subject/5406559/
《殡葬人的秘密》,[美] 雷・布拉德伯里,8.7,https://book.douban.com/subject/26789635/
《仿生人会梦见电子羊吗？》,(美)菲利普・迪克,8.7,https://book.douban.com/subject/24715686/
《审判》,弗兰茨・卡夫卡,8.7,https://book.douban.com/subject/1837654/
《革命之路》,[美] 理查德・耶茨,8.7,https://book.douban.com/subject/3640067/
《天堂之火》,[英] 玛丽・瑞瑙特,8.7,https://book.douban.com/subject/26342182/
《约翰・克利斯朵夫》,（法）罗曼・罗兰,8.7,https://book.douban.com/subject/1186392/
《分成两半的子爵》,[意大利] 伊塔洛卡尔维诺,8.7,https://book.douban.com/subject/10555486/
《浮生若梦1》,缪娟,8.7,https://book.douban.com/subject/10807374/
《宇宙尽头的餐馆》,[英] 道格拉斯・亚当斯,8.7,https://book.douban.com/subject/10488563/
《弗兰妮与祖伊》,(美)J.D.塞林格,8.7,https://book.douban.com/subject/2251691/
《圣殿春秋（上）》,[英] 肯・福莱特,8.7,https://book.douban.com/subject/3783409/
《我们都发狂了》,[美]凯伦・乔伊・富勒（Karen Joy Fowler）,8.7,https://book.douban.com/subject/26861897/
《盲视》,[加] 彼得・沃茨,8.7,https://book.douban.com/subject/10608453/
《人都是要死的》,[法] 西蒙娜・德・波伏瓦,8.7,https://book.douban.com/subject/6310320/
《九三年》,[法]雨果,8.7,https://book.douban.com/subject/2042629/
《过于喧嚣的孤独 底层的珍珠》,[捷] 博・赫拉巴尔,8.7,https://book.douban.com/subject/1291199/
《球状闪电》,刘慈欣,8.7,https://book.douban.com/subject/1192090/
《芬尼根的守灵夜（第一卷）》,[爱尔兰] 詹姆斯・乔伊斯,8.7,https://book.douban.com/subject/11604737/
《游戏的终结》,(阿根廷)胡利奥・科塔萨尔,8.7,https://book.douban.com/subject/10522844/
《爱伦・坡短篇小说集》,（美）爱伦坡,8.7,https://book.douban.com/subject/1083429/
《心》,夏目漱石,8.7,https://book.douban.com/subject/1400059/
《马口鱼的诱惑》,张万新,8.7,https://book.douban.com/subject/26852313/
《百器徒然袋─L》,京O夏,8.7,https://book.douban.com/subject/25760809/
《似水流年》,王小波,8.7,https://book.douban.com/subject/3264642/
《A Little Life》,Hanya Yanagihara,8.7,https://book.douban.com/subject/26305332/
《西游记（全二册）》,吴承恩,8.7,https://book.douban.com/subject/1029553/
《索拉里斯星》,[波] 斯坦尼斯拉夫・莱姆,8.7,https://book.douban.com/subject/1440243/
《契诃夫短篇小说选》,契诃夫,8.7,https://book.douban.com/subject/1083435/
《奥兰多》,(英)弗吉尼亚q吴尔夫,8.7,https://book.douban.com/subject/1415226/
《恶棍列传》,[阿根廷]豪・路・博尔赫斯,8.7,https://book.douban.com/subject/3003466/
《那些回不去的年少时光・终场》,桐华,8.7,https://book.douban.com/subject/4732378/
《安德的游戏・三部曲》,【美】奥森・斯科特・卡德,8.7,https://book.douban.com/subject/26779789/
《米德尔马契（全二册）》,乔治 艾略特,8.7,https://book.douban.com/subject/1780564/
《只有你到 Calling You》,乙一,8.7,https://book.douban.com/subject/1421975/
《巫术师》,（英）约翰・福尔斯,8.7,https://book.douban.com/subject/25985298/
《天使望故乡》,[美] 托马斯・沃尔夫,8.7,https://book.douban.com/subject/3888110/
《解忧杂货店》,(日)东野圭吾,8.6,https://book.douban.com/subject/25862578/
《漫长的中场休息》,[美] 本・方登,8.6,https://book.douban.com/subject/26890281/
《小f方》,艾拉.柏素德(Ella Berthoud),8.6,https://book.douban.com/subject/25828877/
《一句顶一万句》,刘震云,8.6,https://book.douban.com/subject/3633461/
《我脑袋里的怪东西》,[土耳其] 奥尔罕・帕慕克,8.6,https://book.douban.com/subject/26701959/
《白鹿原》,陈忠实,8.6,https://book.douban.com/subject/1085799/
《边城》,沈从文,8.6,https://book.douban.com/subject/1057244/
《希腊左巴》,（希腊）尼科斯・卡赞扎基,8.6,https://book.douban.com/subject/5299768/
《哀伤的墙》,[法] 雅斯米纳・卡黛哈,8.6,https://book.douban.com/subject/26798156/
《我还是很喜欢你》,苏豆芽,8.6,https://book.douban.com/subject/26889862/
《一桩事先张扬的凶杀案》,[哥伦比亚] 加西亚・马尔克斯,8.6,https://book.douban.com/subject/24382569/
《校园秘史》,(美)唐娜・塔特,8.6,https://book.douban.com/subject/1962078/
《荆棘鸟》,[澳] 考琳・麦卡洛,8.6,https://book.douban.com/subject/1086249/
《2666》,[智利] 罗贝托・波拉尼奥,8.6,https://book.douban.com/subject/6800379/
《金阁寺》,[日] 三岛由纪夫,8.6,https://book.douban.com/subject/3391248/
《布鲁克林有棵树》,贝蒂・史密斯（Betty Smith),8.6,https://book.douban.com/subject/3826899/
《不然你搬去火星啊》,[日] 伊坂幸太郎,8.6,https://book.douban.com/subject/26846483/
《情书》,[日] 岩井俊二,8.6,https://book.douban.com/subject/1080370/
《遥远的星辰》,[智利] 罗贝托・波拉尼奥,8.6,https://book.douban.com/subject/25985982/
《冷血》,杜鲁门・卡波特,8.6,https://book.douban.com/subject/4245064/
《红拂夜奔》,王小波,8.6,https://book.douban.com/subject/1418686/
《半生缘》,张爱玲,8.6,https://book.douban.com/subject/1963684/
《纽约客》,白先勇,8.6,https://book.douban.com/subject/5337243/
《迷宫中的将军》,[哥伦比亚] 加西亚・马尔克斯,8.6,https://book.douban.com/subject/25985126/
《都柏林人》,[爱尔兰] 詹姆斯・乔伊斯,8.6,https://book.douban.com/subject/4908872/
《恶童日记》,[匈牙利] 雅歌塔・克里斯多夫,8.6,https://book.douban.com/subject/3315879/
《日瓦戈医生》,〔苏〕鲍里斯・帕斯捷尔纳克,8.6,https://book.douban.com/subject/1469878/
《琅琊榜》,海宴,8.6,https://book.douban.com/subject/2326571/
《梦中的欢快葬礼和十二个异乡故事》,[哥伦比亚] 加西亚・马尔克斯,8.6,https://book.douban.com/subject/26276924/
《华胥引（全二册）》,唐七公子,8.6,https://book.douban.com/subject/5916880/
《荆棘之城》,[英]萨拉・沃特斯,8.6,https://book.douban.com/subject/4143051/
《战争与和平（全四册）》,[俄] 列夫・托尔斯泰,8.6,https://book.douban.com/subject/1013469/
《圣诞忆旧集》,[美] 杜鲁门・卡坡蒂,8.6,https://book.douban.com/subject/3326892/
《俗世奇人》,冯骥才,8.6,https://book.douban.com/subject/3389984/
《傅科摆》,(意)翁贝托・埃科,8.6,https://book.douban.com/subject/20515828/
《美好的七年》,（以色列）埃特加・凯雷特/Etgar Keret,8.6,https://book.douban.com/subject/26642648/
《他们说，我是幸运的》,[美]艾丽斯・西伯德,8.6,https://book.douban.com/subject/26821757/
《少年Pi的奇幻漂流（插图珍藏版）》,[加拿大] 扬・马特尔,8.6,https://book.douban.com/subject/20326626/
《青铜时代》,王小波,8.6,https://book.douban.com/subject/1085883/
《波斯少年》,[英] 玛丽・瑞瑙特,8.6,https://book.douban.com/subject/4175473/
《世界上所有的夜晚》,迟子建,8.6,https://book.douban.com/subject/3075281/
《ZOO》,[日] 乙一,8.6,https://book.douban.com/subject/2297697/
《那个不为人知的故事》,twentine,8.6,https://book.douban.com/subject/26680113/
《少年巴比伦》,路内,8.6,https://book.douban.com/subject/3194071/
《被嫌弃的松子的一生》,[日] 山田宗树,8.6,https://book.douban.com/subject/25744411/
《隐秘的幸福》,[巴西] 克拉丽丝・李斯佩克朵,8.6,https://book.douban.com/subject/26716997/
《有顶天家族》,[日] 森见登美彦,8.6,https://book.douban.com/subject/20473089/
《乡村生活图景》,[以色列] 阿摩司・奥兹,8.6,https://book.douban.com/subject/26602780/
《风之影》,[西] 卡洛斯・鲁依斯・萨丰,8.6,https://book.douban.com/subject/1917078/
《罗生门》,[日]芥川龙之介,8.6,https://book.douban.com/subject/3136271/
《阿Q正传》,鲁迅,8.6,https://book.douban.com/subject/1088065/
《麦琪的礼物》,[美] 欧・亨利,8.6,https://book.douban.com/subject/1051193/
《大师》,[爱尔兰] 科尔姆・托宾,8.6,https://book.douban.com/subject/3138839/
《第九个寡妇》,严歌苓,8.6,https://book.douban.com/subject/1752755/
《在一个陌生的房间》,[南非]达蒙・加尔格特（Damon Galgut）,8.6,https://book.douban.com/subject/26823153/
《宵待草夜情》,[日] 连城三纪彦,8.6,https://book.douban.com/subject/26367367/
《阴阳师》,[日] 梦枕貘,8.6,https://book.douban.com/subject/1220219/
《守望灯塔》,(英)詹妮特・温特森,8.6,https://book.douban.com/subject/1468997/
《旧地重游》,[英]伊夫林・沃（Evelyn Waugh）,8.6,https://book.douban.com/subject/3765092/
《搏击俱乐部》,[美]查克・帕拉纽克,8.6,https://book.douban.com/subject/3821057/
《木麻黄树》,[英] 毛姆,8.6,https://book.douban.com/subject/10473355/
《夜》,[美] 埃利・威塞尔,8.6,https://book.douban.com/subject/25900687/
《微暗的火》,[美]弗拉基米尔・纳博科夫,8.6,https://book.douban.com/subject/2973335/
《人皮论语》,冶文彪,8.6,https://book.douban.com/subject/5390091/
《微物之神》,[印度] 阿兰达蒂・洛伊,8.6,https://book.douban.com/subject/1771464/
《深河》,远藤周作,8.6,https://book.douban.com/subject/3842847/
《权力与荣耀》,（英）格雷厄姆・格林,8.6,https://book.douban.com/subject/2568438/
《禁色》,三岛由纪夫,8.6,https://book.douban.com/subject/5366440/
《城市与狗》,（秘鲁）略萨,8.6,https://book.douban.com/subject/2073481/
《一生欠安》,李梦霁,8.6,https://book.douban.com/subject/26868621/
《幽灵之家》,(智利)伊莎贝尔・阿连德,8.6,https://book.douban.com/subject/2061444/
《春宵苦短，少女前M吧！》,森登美,8.6,https://book.douban.com/subject/3920144/
《剧院风情》,（英）萨默塞特・毛姆,8.6,https://book.douban.com/subject/3010128/
《盗墓笔记》,南派三叔,8.6,https://book.douban.com/subject/6953273/
《万寿寺》,王小波,8.6,https://book.douban.com/subject/1763806/
《告白》,佳苗,8.6,https://book.douban.com/subject/3920130/
《里斯本夜车》,(瑞士)帕斯卡・梅西耶,8.6,https://book.douban.com/subject/20435635/
《此岸》,马曳,8.6,https://book.douban.com/subject/26772226/
《静静的顿河（全四册）》,[苏] 肖洛霍夫,8.6,https://book.douban.com/subject/1035478/
《变形记》,卡夫卡,8.6,https://book.douban.com/subject/1873900/
《提堂》,[英] 希拉里・曼特尔,8.6,https://book.douban.com/subject/25887908/
《o奂o》,S碧,8.6,https://book.douban.com/subject/1316606/
《七声》,葛亮,8.6,https://book.douban.com/subject/6048071/
《杀手界・疾风号》,(日)伊坂幸太郎,8.6,https://book.douban.com/subject/26314930/
《战略高手》,[美] 埃尔默・伦纳德,8.6,https://book.douban.com/subject/26760973/
《爱因斯坦的梦》,[美] 阿兰・莱特曼,8.6,https://book.douban.com/subject/1030789/
《狂人日记》,鲁迅,8.6,https://book.douban.com/subject/1398395/
《艾比斯之梦》,[日] 山本弘,8.6,https://book.douban.com/subject/24538715/
《古都》,川端康成,8.6,https://book.douban.com/subject/1009094/
《诊疗椅上的谎言》,[美]欧文・亚隆Irvin D. Yalom,8.6,https://book.douban.com/subject/1936756/
《第2份工作》,京宝儿,8.6,https://book.douban.com/subject/11516220/
《钓鱼的男孩》,[尼日利亚] 奇戈希・奥比奥玛,8.5,https://book.douban.com/subject/26837288/
《夏日启示录》,[日] 笠井洁,8.5,https://book.douban.com/subject/26797395/
《不能承受的生命之轻》,[捷克] 米兰・昆德拉,8.5,https://book.douban.com/subject/1017143/
《心是孤独的猎手》,[美] 卡森・麦卡勒斯,8.5,https://book.douban.com/subject/1424741/
《倾城之恋》,张爱玲,8.5,https://book.douban.com/subject/1090043/
《焚舟纪》,[英] 安吉拉・卡特,8.5,https://book.douban.com/subject/6797396/
《不朽》,米兰・昆德拉,8.5,https://book.douban.com/subject/1060117/
《玫瑰的名字》,[意] 翁贝托・埃科,8.5,https://book.douban.com/subject/3836566/
《美丽新世界》,[英] 阿道司・赫胥黎,8.5,https://book.douban.com/subject/1321789/
《屠夫十字镇》,[美] 约翰・威廉斯,8.5,https://book.douban.com/subject/26765928/
《岁月如风小少年》,曾良君,8.5,https://book.douban.com/subject/26810629/
《世界尽头与冷酷仙境》,[日] 村上春树,8.5,https://book.douban.com/subject/1291809/
《丹麦女孩》,大卫埃贝尔舍夫,8.5,https://book.douban.com/subject/26861450/
《鳄鱼街》,[波] 布鲁诺・舒尔茨,8.5,https://book.douban.com/subject/4203630/
《无影人》,赵志明,8.5,https://book.douban.com/subject/26811966/
《没有人给他写信的上校》,[哥伦比亚] 加西亚・马尔克斯,8.5,https://book.douban.com/subject/20392523/
《香水》,[德] 帕・聚斯金德,8.5,https://book.douban.com/subject/1292416/
《自由》,[美] 乔纳森・弗兰岑,8.5,https://book.douban.com/subject/10569619/
《余生请多指教》,柏林石匠,8.5,https://book.douban.com/subject/25921439/
《世界上到底有没有百分之百的异性恋》,方悄悄,8.5,https://book.douban.com/subject/26880577/
《简爱》,[英] 夏洛蒂・勃朗特,8.5,https://book.douban.com/subject/1141406/
《金瓶梅》,兰陵笑笑生,8.5,https://book.douban.com/subject/1456692/
《Of Mice and Men》,John Steinbeck,8.5,https://book.douban.com/subject/1456311/
《收山》,常小琥,8.5,https://book.douban.com/subject/26672441/
《编舟记》,三浦紫苑,8.5,https://book.douban.com/subject/26261735/
《人间乐》,古里果,8.5,https://book.douban.com/subject/26841146/
《伪装成独白的爱情》,[匈] 马洛伊・山多尔,8.5,https://book.douban.com/subject/26577690/
《金锁记》,张爱玲,8.5,https://book.douban.com/subject/3017857/
《达摩流浪者》,[美] 杰克・凯鲁亚克,8.5,https://book.douban.com/subject/3151990/
《沧浪之水》,阎真,8.5,https://book.douban.com/subject/1054917/
《到灯塔去》,(英)弗吉尼亚・伍尔夫,8.5,https://book.douban.com/subject/3402999/
《失物之书》,[爱尔兰] 约翰・康诺利,8.5,https://book.douban.com/subject/3608235/
《铁皮鼓》,[德] 格拉斯,8.5,https://book.douban.com/subject/1849791/
《九故事》,[美] J. D. 塞林格,8.5,https://book.douban.com/subject/2161892/
《京华烟云》,林语堂,8.5,https://book.douban.com/subject/1391191/
《米格尔街》,(英)V.S.奈保尔,8.5,https://book.douban.com/subject/21346008/
《马尔克斯：族长的秋天》,加西亚・马尔克斯,8.5,https://book.douban.com/subject/25779593/
《大教堂》,[美] 雷蒙德・卡佛,8.5,https://book.douban.com/subject/3335362/
《出轨》,[爱尔兰] 威廉・特雷弗,8.5,https://book.douban.com/subject/26298590/
《雷蒙德・卡佛短篇小说自选集》,[美] 雷蒙德・卡佛,8.5,https://book.douban.com/subject/3926717/
《平原上的摩西》,双雪涛,8.5,https://book.douban.com/subject/26803179/
《我们在此相遇》,[英] 约翰・伯格,8.5,https://book.douban.com/subject/3669671/
《萤火虫小巷》,[美]克莉丝汀・汉娜,8.5,https://book.douban.com/subject/26642866/
《惧恨拉斯维加斯》,[美] 亨特・S. 汤普森,8.5,https://book.douban.com/subject/26852985/
《那些回不去的年少时光》,桐华,8.5,https://book.douban.com/subject/4231381/
《小姨多鹤》,严歌苓,8.5,https://book.douban.com/subject/3012517/
《终结的感觉》,[英] 朱利安・巴恩斯,8.5,https://book.douban.com/subject/10746177/
《跳房子》,[阿根廷] 胡利奥・科塔萨尔,8.5,https://book.douban.com/subject/2969263/
《时时刻刻》,(美)迈克尔・坎宁安,8.5,https://book.douban.com/subject/6861517/
《鼠疫》,[法] 阿尔贝・加缪,8.5,https://book.douban.com/subject/1056023/
《英国病人》,[加拿大] 迈克尔・翁达杰,8.5,https://book.douban.com/subject/10583075/
《我的奋斗 1：父亲的葬礼》,[挪威] 卡尔・奥韦・克瑙斯高,8.5,https://book.douban.com/subject/26682066/
《花街往事》,路内,8.5,https://book.douban.com/subject/25716611/
《星辰时刻》,(巴西)克拉丽丝・李斯佩克朵,8.5,https://book.douban.com/subject/25699387/
《细雪》,(日)谷崎润一郎,8.5,https://book.douban.com/subject/2160230/
《上海堡垒》,江南,8.5,https://book.douban.com/subject/3268399/
《达芬奇密码》,[美] 丹.布朗,8.5,https://book.douban.com/subject/4242406/
《龙文身的女孩》,[瑞典] 斯蒂格・拉森,8.5,https://book.douban.com/subject/4292149/
《复活节游行》,（美）理查德・耶茨,8.5,https://book.douban.com/subject/4105444/
《斜阳》,（日）太宰治,8.5,https://book.douban.com/subject/3259428/
《恶心》,[法] 让-保罗・萨特,8.5,https://book.douban.com/subject/1030554/
《逆天》,[法] 乔里-卡尔・于斯曼,8.5,https://book.douban.com/subject/4719265/
《爱伦・坡暗黑故事全集（上册）》,[美] 爱伦坡,8.5,https://book.douban.com/subject/20493367/
《一朵桔梗花》,[日] 连城三纪彦,8.5,https://book.douban.com/subject/5269222/
《水之乡》,格雷厄姆・斯威夫特,8.5,https://book.douban.com/subject/4121656/
《他方世界》,[美]约翰・克劳利,8.5,https://book.douban.com/subject/25805143/
《了不起的盖茨比》,[美]菲茨杰拉德,8.5,https://book.douban.com/subject/4149805/
《一个自行发完病毒的病例》,[英]格雷厄姆・格林,8.5,https://book.douban.com/subject/3174506/
《孤城闭》,米兰Lady,8.5,https://book.douban.com/subject/3290028/
《小城畸人》,[美]舍伍德・安德森,8.5,https://book.douban.com/subject/3136267/
《茫茫黑夜漫游》,[法] 路易・费迪南・塞利纳,8.5,https://book.douban.com/subject/3324036/
《大河湾》,[英] V. S. 奈保尔,8.5,https://book.douban.com/subject/25919825/
《纸牌的秘密》,(挪)乔斯坦・贾德,8.5,https://book.douban.com/subject/2296687/
《追随她的旅程》,路内,8.5,https://book.douban.com/subject/3406518/
《最后的猎巫人》,[美] 詹姆斯・莫罗,8.5,https://book.douban.com/subject/26617142/
《走出非洲》,（丹麦）卡伦・布里克森,8.5,https://book.douban.com/subject/20266046/
《一个陌生女子的来信》,[奥] 茨威格,8.5,https://book.douban.com/subject/1159939/
《青春》,[南非] J.M.库切,8.5,https://book.douban.com/subject/1067293/
《乞力马扎罗的雪》,[美]海明威,8.5,https://book.douban.com/subject/1874411/
《青梅竹马》,[日] 靠谝灰,8.5,https://book.douban.com/subject/5299766/
《阳光劫匪》,(日)伊坂幸太郎,8.5,https://book.douban.com/subject/25737793/
《言叶之庭》,[日] 新海诚,8.5,https://book.douban.com/subject/26314932/
《华丽人生》,[日]伊坂幸太郎,8.5,https://book.douban.com/subject/5395724/
《东京塔》,[日] 利利・弗兰克,8.5,https://book.douban.com/subject/1962124/
《爸爸，我们去哪儿？》,[法] 让-路易・傅尼叶,8.5,https://book.douban.com/subject/4732123/
《一把青》,白先勇,8.5,https://book.douban.com/subject/3911404/
《钟形罩》,（美）西尔维娅・普拉斯,8.5,https://book.douban.com/subject/2283762/
《清明上河图密码3》,冶文彪,8.5,https://book.douban.com/subject/26746839/
《爱的算法》,(美)刘宇昆,8.5,https://book.douban.com/subject/11597373/
《庆熹纪事》,红猪侠,8.5,https://book.douban.com/subject/1805988/
《大唐悬疑录2：璇玑图密码》,唐隐,8.5,https://book.douban.com/subject/26840249/
《大逃杀》,高见广春,8.5,https://book.douban.com/subject/20473093/
《未知量》,(奥) 布洛赫,8.5,https://book.douban.com/subject/26391031/
《水浒传（全二册）》,[明] 施耐庵,8.5,https://book.douban.com/subject/1008357/
《魔戒前传》,[英国] 托尔金,8.5,https://book.douban.com/subject/1072334/
《温莎墓园日记》,木心,8.5,https://book.douban.com/subject/1819978/
《不懂浪漫的男朋友》,苏小懒,8.5,https://book.douban.com/subject/26868615/
《野棕榈》,（美）威廉・福克纳,8.5,https://book.douban.com/subject/3431637/
《学生托乐思的迷惘》,(奥地利)罗伯特・穆齐尔,8.5,https://book.douban.com/subject/10809021/
《蒙着眼睛的旅行者》,朱岳,8.4,https://book.douban.com/subject/1960287/
《午夜之子》,[英] 萨曼・鲁西迪,8.4,https://book.douban.com/subject/26607924/
《悟空传》,今何在,8.4,https://book.douban.com/subject/1003000/
《城堡》,[奥地利] 卡夫卡,8.4,https://book.douban.com/subject/2036561/
《时间的针脚》,[西] 玛丽亚・杜埃尼亚斯,8.4,https://book.douban.com/subject/10512236/
《尘埃落定》,阿来,8.4,https://book.douban.com/subject/1080309/
《山中的糖果》,邓安庆,8.4,https://book.douban.com/subject/26791998/
《怒》,[日] 吉田修一,8.4,https://book.douban.com/subject/26760976/
《盗墓笔记》,南派三叔,8.4,https://book.douban.com/subject/1948901/
《群山回唱》,[美] 卡勒德・胡赛尼,8.4,https://book.douban.com/subject/24845582/
《查令十字街84号》,[美] 海莲・汉芙,8.4,https://book.douban.com/subject/1316648/
《此间的少年》,江南,8.4,https://book.douban.com/subject/1020459/
《呼啸山庄》,艾米莉・勃朗特,8.4,https://book.douban.com/subject/1119522/
《1Q84 BOOK 2》,[日] 村上春树,8.4,https://book.douban.com/subject/4885241/
《时间之间》,[英] 珍妮特・温特森,8.4,https://book.douban.com/subject/26756030/
《寻欢作乐》,[英] 威廉・萨默塞特・毛姆,8.4,https://book.douban.com/subject/10768068/
《唐草物语》,[日]涩泽龙彦,8.4,https://book.douban.com/subject/26774091/
《火花》,又吉 直,8.4,https://book.douban.com/subject/26315820/
《禅与摩托车维修艺术》,(美)罗伯特・M.波西格,8.4,https://book.douban.com/subject/6811366/
《死水微澜》,李氯,8.4,https://book.douban.com/subject/1394402/
《百年好合》,蒋晓云,8.4,https://book.douban.com/subject/25764295/
《人生》,路遥,8.4,https://book.douban.com/subject/3803820/
《精灵宝钻》,托尔金,8.4,https://book.douban.com/subject/1063401/
《世上另一个我(修订版)》,[美] 萨拉・帕坎南,8.4,https://book.douban.com/subject/6041708/
《北京法源寺》,李敖,8.4,https://book.douban.com/subject/1062991/
《猜火车》,[英] 欧文・威尔士,8.4,https://book.douban.com/subject/4881998/
《若非此时，何时？》,[意大利] 普里莫・莱维,8.4,https://book.douban.com/subject/26657701/
《更多的人死于心碎》,[美]索尔・贝娄(Saul Bellow),8.4,https://book.douban.com/subject/1438394/
《未央歌》,鹿桥,8.4,https://book.douban.com/subject/2376336/
《尤利西斯》,[爱尔兰] 詹姆斯・乔伊斯,8.4,https://book.douban.com/subject/1038196/
《看海的人》,[日] 小林泰三,8.4,https://book.douban.com/subject/26280924/
《幻影书》,[美] 保罗・奥斯特,8.4,https://book.douban.com/subject/2214350/
《司藤（上下）》,尾鱼,8.4,https://book.douban.com/subject/26674263/
《刀背藏身》,徐皓峰,8.4,https://book.douban.com/subject/24529235/
《新年快乐》,[巴西] 鲁本・丰塞卡,8.4,https://book.douban.com/subject/26717934/
《线》,〔英〕维多利亚・希斯洛普,8.4,https://book.douban.com/subject/25890145/
《恶意》,[日] 东野圭吾,8.4,https://book.douban.com/subject/3646172/
《奇鸟行状录》,[日] 村上春树,8.4,https://book.douban.com/subject/1212080/
《青蛇》,李碧华,8.4,https://book.douban.com/subject/1261153/
《诛仙1》,萧鼎,8.4,https://book.douban.com/subject/1316622/
《雪》,[土] 奥尔罕・帕慕克,8.4,https://book.douban.com/subject/2062599/
《模仿者》,[英] V. S. 奈保尔,8.4,https://book.douban.com/subject/26365959/
《好人难寻》,(美) 奥康纳,8.4,https://book.douban.com/subject/4213981/
《全息玫瑰碎片》,[加]威廉・吉布森,8.4,https://book.douban.com/subject/25808977/
《上升的一切必将汇合》,[美]弗兰纳里・奥康纳,8.4,https://book.douban.com/subject/10483439/
《飞毡》,西西,8.4,https://book.douban.com/subject/26303995/
《在你说“喂”之前》,[意] 伊塔洛・卡尔维诺,8.4,https://book.douban.com/subject/26377363/
《空荡荡的家》,(爱尔兰)科尔姆・托宾,8.4,https://book.douban.com/subject/19950784/
《丧钟为谁而鸣》,海明威,8.4,https://book.douban.com/subject/1174721/
《天浴》,严歌苓,8.4,https://book.douban.com/subject/3024497/
《假面自白》,[日] 三岛由纪夫,8.4,https://book.douban.com/subject/3391245/
《给所有的失去一个温暖的结局》,苏先生,8.4,https://book.douban.com/subject/26743857/
《酥油》,江觉迟,8.4,https://book.douban.com/subject/4922655/
《玩笑》,米兰 ・ 昆德拉,8.4,https://book.douban.com/subject/1052828/
《时间移民》,刘慈欣,8.4,https://book.douban.com/subject/26210607/
《大树》,[法] 贝纳尔・韦尔贝,8.4,https://book.douban.com/subject/3871911/
《费玛》,[以色列] 阿摩司・奥兹,8.4,https://book.douban.com/subject/10774651/
《新手》,[美] 雷蒙德・卡佛,8.4,https://book.douban.com/subject/26375108/
《已知的世界》,[美] 爱德华・P. 琼斯,8.4,https://book.douban.com/subject/4894979/
《一弦琴》,[日]宫尾登美子,8.4,https://book.douban.com/subject/25938704/
《小妇人》,（美）路易莎梅奥尔科特,8.4,https://book.douban.com/subject/1427288/
《十八岁出门远行》,余华,8.4,https://book.douban.com/subject/2237621/
《好笑的爱》,米兰昆德拉,8.4,https://book.douban.com/subject/1064828/
《思维的形状》,(美)刘宇昆,8.4,https://book.douban.com/subject/26108260/
《三个胡安在海边》,郑宸,8.4,https://book.douban.com/subject/26303593/
《我们飞》,[瑞士]彼得施塔姆,8.4,https://book.douban.com/subject/26704178/
《第十三天》,[德] 梁柯,8.3,https://book.douban.com/subject/26871657/
《S.》,[美] J.J.艾布拉姆斯,8.3,https://book.douban.com/subject/26356515/
《困扰种种》,[美]莉迪亚・戴维斯,8.3,https://book.douban.com/subject/26823134/
《雪人》,[挪] 尤・奈斯博,8.3,https://book.douban.com/subject/26729776/
《人间失格》,太宰治,8.3,https://book.douban.com/subject/4011670/
《1Q84 BOOK 1》,[日] 村上春树,8.3,https://book.douban.com/subject/4742918/
《Me Before You》,JOJO MOYES,8.3,https://book.douban.com/subject/10432334/
《穆斯林的葬礼》,霍达,8.3,https://book.douban.com/subject/1082334/
《了不起的盖茨比》,菲茨杰拉德,8.3,https://book.douban.com/subject/1008988/
《精神病患》,[美]威廉・彼得・布拉蒂,8.3,https://book.douban.com/subject/26732624/
《这里是没有我们存在的地方》,[日] 白石一文,8.3,https://book.douban.com/subject/26848972/
《生活在别处》,[捷克] 米兰・昆德拉,8.3,https://book.douban.com/subject/1013225/
《狼图腾》,姜戎,8.3,https://book.douban.com/subject/1022060/
《夏日的庭院》,汤本香树实,8.3,https://book.douban.com/subject/3056906/
《睡美人与魔纺锤》,[英] 尼尔・盖曼,8.3,https://book.douban.com/subject/26666023/
《红玫瑰与白玫瑰》,张爱玲,8.3,https://book.douban.com/subject/1014278/
《长恨歌》,王安忆,8.3,https://book.douban.com/subject/1082349/
《神们自己》,[美] 艾萨克・阿西莫夫,8.3,https://book.douban.com/subject/26264967/
《村上春树：没有色彩的多崎作和他的巡礼之年》,村上春树,8.3,https://book.douban.com/subject/25733470/
《在细雨中呼喊》,余华,8.3,https://book.douban.com/subject/1082138/
《望春风》,格非,8.3,https://book.douban.com/subject/26757657/
《老人与海》,海明威,8.3,https://book.douban.com/subject/1064275/
《浮生梦》,[英] 达芙妮・杜穆里埃,8.3,https://book.douban.com/subject/26591906/
《妈妈走的那一年》,[美]威廉・麦克斯韦尔,8.3,https://book.douban.com/subject/26755625/
《云图》,(英) 大卫・米切尔,8.3,https://book.douban.com/subject/4202422/
《第二十二条军规》,[美] 约瑟夫・海勒,8.3,https://book.douban.com/subject/1088812/
《老妓抄》,冈本加乃子,8.3,https://book.douban.com/subject/10581659/
《三生三世 十里桃花》,唐七公子,8.3,https://book.douban.com/subject/3426869/
《她是女子，我也是女子》,S碧,8.3,https://book.douban.com/subject/1458164/
《兄弟（上）》,余华,8.3,https://book.douban.com/subject/1401425/
《魔山》,托马斯・曼,8.3,https://book.douban.com/subject/2050779/
《变形记》,[奥] 卡夫卡,8.3,https://book.douban.com/subject/1213546/
《万有引力之虹》,[美国] 托马斯・品钦,8.3,https://book.douban.com/subject/3327495/
《一个人消失在世上》,[意]亚历山德罗・巴里科,8.3,https://book.douban.com/subject/24861167/
《第十个人》,[英]格雷厄姆・格林,8.3,https://book.douban.com/subject/26870270/
《The Door》,Magda Szabo,8.3,https://book.douban.com/subject/26321442/
《生于一九八四》,郝景芳,8.3,https://book.douban.com/subject/26791930/
《神的九十亿个名字》,[英] 阿瑟・克拉克,8.3,https://book.douban.com/subject/20470849/
《朗读者》,[德] 本哈德・施林克,8.3,https://book.douban.com/subject/3537590/
《山海变1・指间错》,八月槎,8.3,https://book.douban.com/subject/26781555/
《那些忧伤的年轻人》,F・S・菲茨杰拉德(Fitzgerald.F.S.),8.3,https://book.douban.com/subject/5321895/
《突然，响起一阵敲门声》,埃特加・凯雷特,8.3,https://book.douban.com/subject/25724491/
《笑忘录》,[捷克] 米兰・昆德拉,8.3,https://book.douban.com/subject/1016486/
《城邦暴力团（上）》,张大春,8.3,https://book.douban.com/subject/5367304/
《克苏鲁神话》,(美) 霍华德・菲利普斯・洛夫克拉夫特,8.3,https://book.douban.com/subject/10537633/
《白银时代》,王小波,8.3,https://book.douban.com/subject/1082150/
《疼》,孙频,8.3,https://book.douban.com/subject/26811334/
《白色流淌一片》,蒋峰,8.3,https://book.douban.com/subject/26301984/
《鸟，看见我了》,阿乙,8.3,https://book.douban.com/subject/5288327/
《鹤唳华亭》,雪满梁园,8.3,https://book.douban.com/subject/3606570/
《孤儿列车》,[英] 克莉丝汀娜・贝克・克兰,8.3,https://book.douban.com/subject/26349261/
《长日留痕》,[英] 石黑一雄,8.3,https://book.douban.com/subject/7046857/
《匆匆那年（上下）》,九夜茴,8.3,https://book.douban.com/subject/2567919/
《春琴抄》,谷崎润一郎,8.3,https://book.douban.com/subject/1434435/
《年轻的心在哭泣》,[美] 理查德・耶茨,8.3,https://book.douban.com/subject/6060418/
《动物寓言集》,[阿根廷] 胡利奥・科塔萨尔,8.3,https://book.douban.com/subject/6010144/
《秒速五厘米》,[日] 新海诚,8.3,https://book.douban.com/subject/21460732/
《你的一切好与坏我都眷恋》,杨西凝,8.3,https://book.douban.com/subject/26652086/
《爱情半夜餐》,(法)米歇尔・图尼埃,8.3,https://book.douban.com/subject/10604943/
《时间回旋》,[加] 罗伯特・查尔斯・威尔森,8.3,https://book.douban.com/subject/3041463/
《排队》,[美] 奥尔加・格鲁辛,8.3,https://book.douban.com/subject/26838224/
《巴黎圣母院》,[法]雨果,8.3,https://book.douban.com/subject/1024197/
《抚顺故事集》,赵松,8.3,https://book.douban.com/subject/25981277/
《44号孩子》,[英] 汤姆・罗伯・史密斯,8.3,https://book.douban.com/subject/4870150/
《死于威尼斯》,[德]托马斯・曼,8.3,https://book.douban.com/subject/4621099/
《胚胎奇谭》,[日] 山白朝子,8.3,https://book.douban.com/subject/26327314/
《怨庾测1・食骨》,尾~,8.3,https://book.douban.com/subject/26331014/
《大鱼》,【美】丹尼尔・华莱士,8.3,https://book.douban.com/subject/21681263/
《家鸭与野鸭的投币式寄物柜》,(日)伊坂幸太郎,8.3,https://book.douban.com/subject/6041089/
《大卫・科波菲尔（上下）》,（英）狄更斯,8.3,https://book.douban.com/subject/1014144/
《隐形怪物》,恰克・帕拉尼克 (Chuck Palahniuk),8.3,https://book.douban.com/subject/10282582/
《血族1：侵袭》,[美]吉尔莫・德尔・托罗,8.3,https://book.douban.com/subject/1801813/
《危险的关系》,[法] 拉克洛,8.3,https://book.douban.com/subject/5321896/
《波多里诺》,[意] 翁贝托・埃科,8.3,https://book.douban.com/subject/2003092/
《寂寞的频率》,(日)乙一,8.3,https://book.douban.com/subject/11498200/
《桃花井》,蒋晓云,8.3,https://book.douban.com/subject/25986158/
《恋情的终结》,(英)格雷厄姆・格林,8.3,https://book.douban.com/subject/3266349/
《锅匠，裁缝，士兵，间谍》,[英] 约翰・勒卡雷,8.3,https://book.douban.com/subject/3175259/
《爱情故事》,张佳玮,8.3,https://book.douban.com/subject/26394204/
《The Fault in Our Stars》,John Green,8.3,https://book.douban.com/subject/6897140/
《后来的事》,[日] 夏目漱石,8.3,https://book.douban.com/subject/4311472/
《罗茜计划》,[澳] 格雷姆・辛浦生,8.3,https://book.douban.com/subject/26758995/
《抛锚》,[瑞士]弗里德里希・迪伦马特,8.3,https://book.douban.com/subject/20559350/
《海上花列传》,韩邦庆,8.3,https://book.douban.com/subject/1186176/
《雨后》,[爱尔兰]威廉・特雷弗,8.3,https://book.douban.com/subject/19950785/
《巴黎伦敦落魄记》,[英]乔治・奥威尔,8.3,https://book.douban.com/subject/1607478/
《庆余年・壹》,猫腻,8.3,https://book.douban.com/subject/3155622/
《真相》,[瑞士]若埃尔・迪克,8.3,https://book.douban.com/subject/25996181/
《无声告白》,[美] 伍绮诗,8.2,https://book.douban.com/subject/26382433/
《看了高兴的爱情故事》,方悄悄,8.2,https://book.douban.com/subject/26849731/
《24个比利》,[美] 丹尼尔・凯斯,8.2,https://book.douban.com/subject/26371317/
《教授与疯子》,[英]西蒙・温切斯特,8.2,https://book.douban.com/subject/3826293/
《只有她知道》,[英] 菲欧娜・巴顿,8.2,https://book.douban.com/subject/26844939/
《出家》,张忌,8.2,https://book.douban.com/subject/26853566/
《清明上河图密码》,冶文彪,8.2,https://book.douban.com/subject/26265745/
《脏工作》,[美]阿丽莎・纳汀（Alissa Nutting）,8.2,https://book.douban.com/subject/26823150/
《达・芬奇密码》,[美] 丹・布朗,8.2,https://book.douban.com/subject/1040771/
《雾中回忆》,[澳]凯特・莫顿,8.2,https://book.douban.com/subject/6813370/
《肠子》,[美] 恰克・帕拉尼克,8.2,https://book.douban.com/subject/5920385/
《维罗妮卡决定去死》,[巴西] 保罗・柯艾略,8.2,https://book.douban.com/subject/4737325/
《动物凶猛》,王朔,8.2,https://book.douban.com/subject/1143694/
《四季红》,蒋晓云,8.2,https://book.douban.com/subject/26808364/
《洗澡》,杨绛,8.2,https://book.douban.com/subject/1078250/
《地球上最后的夜晚》,[智利] 罗贝托・波拉尼奥,8.2,https://book.douban.com/subject/20501761/
《蝴蝶梦》,[英] 达夫妮・杜穆里埃,8.2,https://book.douban.com/subject/1085021/
《蝇王》,[英] 威廉・戈尔丁,8.2,https://book.douban.com/subject/1872158/
《古拉格气象学家》,[法] 奥利维埃・罗兰,8.2,https://book.douban.com/subject/26798155/
《卡罗尔》,[美] 帕特里夏・海史密斯,8.2,https://book.douban.com/subject/26689063/
《孤独及其所创造的》,[美] 保罗・奥斯特,8.2,https://book.douban.com/subject/3316438/
《慈悲》,路内,8.2,https://book.douban.com/subject/26669243/
《厨房》,[日]吉本芭娜娜,8.2,https://book.douban.com/subject/4127527/
《国境以南 太阳以西》,[日] 村上春树,8.2,https://book.douban.com/subject/1015452/
《橘生淮南・暗恋》,八月长安,8.2,https://book.douban.com/subject/6773643/
《白鲸》,[美] 梅尔维尔,8.2,https://book.douban.com/subject/1119498/
《伤心咖啡馆之歌》,[美] 卡森・麦卡勒斯,8.2,https://book.douban.com/subject/2061644/
《愤怒的葡萄》,[美]斯坦贝克,8.2,https://book.douban.com/subject/2036569/
《忧伤的时候，到厨房去》,（土耳其）爱诗乐・沛克,8.2,https://book.douban.com/subject/26387640/
《一天》,(英)大卫・尼克斯,8.2,https://book.douban.com/subject/6890671/
《双城记》,查尔斯狄更斯,8.2,https://book.douban.com/subject/1007772/
《侯卫东官场笔记》,小桥老树,8.2,https://book.douban.com/subject/4832553/
《妻妾成群》,苏童,8.2,https://book.douban.com/subject/1025753/
《嗨，好久不见》,顾前,8.2,https://book.douban.com/subject/26882320/
《大唐李白・少年游》,张大春,8.2,https://book.douban.com/subject/25802944/
《一首小夜曲》,[日] 伊坂幸太郎,8.2,https://book.douban.com/subject/26687879/
《赎罪》,[英] 伊恩・麦克尤恩,8.2,https://book.douban.com/subject/2980471/
《东霓》,笛安,8.2,https://book.douban.com/subject/4874131/
《美好的事物无法久存》,[美] 罗恩・拉什,8.2,https://book.douban.com/subject/26346222/
《骆驼祥子》,老舍,8.2,https://book.douban.com/subject/1043815/
《苦水音乐》,(美)查尔斯・布考斯基,8.2,https://book.douban.com/subject/21778349/
《林中秘族》,[美] 柳原汉雅,8.2,https://book.douban.com/subject/26827210/
《爱有失落时》,[美] 马修・奎克,8.2,https://book.douban.com/subject/26871658/
《舞！舞！舞！》,[日] 村上春树,8.2,https://book.douban.com/subject/1020670/
《潮骚》,（日）三岛由纪夫,8.2,https://book.douban.com/subject/3391246/
《汽油生活》,[日] 伊坂幸太郎,8.2,https://book.douban.com/subject/26712094/
《请以你的名字呼唤我》,安德烈・艾席蒙,8.2,https://book.douban.com/subject/11535042/
《清明上河图密码 2》,冶文彪,8.2,https://book.douban.com/subject/26576515/
《那些年，我们一起追的女孩》,九把刀,8.2,https://book.douban.com/subject/1958227/
《大地之灯》,七堇年,8.2,https://book.douban.com/subject/1963310/
《隔壁女子》,[日] 向田邦子,8.2,https://book.douban.com/subject/5423775/
《上帝的图书馆》,[美] 司各特・霍金斯,8.2,https://book.douban.com/subject/26656291/
《荒野侦探》,[智利] 罗贝托・波拉尼奥,8.2,https://book.douban.com/subject/3861531/
《流血的仕途》,曹N,8.2,https://book.douban.com/subject/2133254/
《无心法师 第一卷》,尼罗,8.2,https://book.douban.com/subject/26578003/
《驶入深海》,[南非] 莎拉・落茨,8.2,https://book.douban.com/subject/26803285/
《天使与魔鬼》,[美] 丹.布朗,8.2,https://book.douban.com/subject/1228110/
《爱，始于冬季》,[英] 西蒙・范・布伊,8.2,https://book.douban.com/subject/6003394/
《三怪客泛舟记》,莫厄特,8.2,https://book.douban.com/subject/1065410/
《轻舔丝绒》,[英]萨拉・沃特斯,8.2,https://book.douban.com/subject/4198469/
《周期表》,[意] 普里莫・莱维,8.2,https://book.douban.com/subject/25897763/
《名利场》,[英]萨克雷,8.2,https://book.douban.com/subject/2174410/
《未来的序曲》,(美)刘宇昆，保罗・巴奇加卢皮等 著；(美)戴维・哈特威尔，帕特里克・海登 编,8.2,https://book.douban.com/subject/26534892/
《黑书》,(土耳其)奥尔罕・帕慕克(Orhan Pamuk),8.2,https://book.douban.com/subject/2124556/
《牛虻》,伏尼契(爱尔兰),8.2,https://book.douban.com/subject/1012637/
《四叠半神话大系》,(日) 森见登美彦,8.2,https://book.douban.com/subject/4898551/
《走在蓝色的田野上》,[爱尔兰]克莱尔・吉根,8.2,https://book.douban.com/subject/5980585/
《染血之室与其他故事》,[英] 安吉拉・卡特,8.2,https://book.douban.com/subject/25959972/
《天工开物・栩栩如真》,董启章,8.2,https://book.douban.com/subject/4154985/
《二十年目睹之怪现状》,吴趼人,8.2,https://book.douban.com/subject/1470622/
《暗黑童话》,[日]乙一,8.2,https://book.douban.com/subject/4067621/
《一个女人的史诗》,严歌苓,8.2,https://book.douban.com/subject/1792984/
《千只鹤》,[日] 川端康成,8.2,https://book.douban.com/subject/24736900/
《停车暂借问》,钟晓阳,8.2,https://book.douban.com/subject/6527141/
《一个人的朝圣》,【英】蕾秋・乔伊斯,8.1,https://book.douban.com/subject/24934182/
《克苏鲁神话》,[美] H.P.洛夫克拉夫特,8.1,https://book.douban.com/subject/26862626/
《天意》,安妮塔・布鲁克纳,8.1,https://book.douban.com/subject/26752646/
《情人》,[法] 玛格丽特・杜拉斯,8.1,https://book.douban.com/subject/1400705/
《十一种孤独》,（美）理查德・耶茨,8.1,https://book.douban.com/subject/4105446/
《你是我的命运》,[日] 白石一文,8.1,https://book.douban.com/subject/26654687/
《海边的卡夫卡》,[日] 村上春树,8.1,https://book.douban.com/subject/1059419/
《时间旅行者的妻子》,[美] 奥德丽・尼芬格,8.1,https://book.douban.com/subject/2056749/
《刺猬的优雅》,[法] 妙莉叶・芭贝里,8.1,https://book.douban.com/subject/3899039/
《微微一笑很倾城》,顾漫,8.1,https://book.douban.com/subject/3879301/
《说部之乱》,朱岳,8.1,https://book.douban.com/subject/26303224/
《福楼拜的鹦鹉》,朱利安・巴恩斯,8.1,https://book.douban.com/subject/4869637/
《发条橙》,[英] 安东尼・伯吉斯,8.1,https://book.douban.com/subject/6097966/
《消失的爱人》,[美]吉莉安・弗琳,8.1,https://book.douban.com/subject/24541883/
《漫长的告别》,[美] 雷蒙德・钱德勒,8.1,https://book.douban.com/subject/3013903/
《柑橘与柠檬啊》,[英] 麦克・莫波格,8.1,https://book.douban.com/subject/3594151/
《喜宝》,亦舒,8.1,https://book.douban.com/subject/2022979/
《巴托比症候群》,[西班牙] 恩里克・比拉-马塔斯,8.1,https://book.douban.com/subject/25959838/
《金翅雀》,[美] 唐娜・塔特,8.1,https://book.douban.com/subject/26653000/
《纸牌屋》,迈克尔・道布斯,8.1,https://book.douban.com/subject/25808056/
《雪国》,[日] 川端康成,8.1,https://book.douban.com/subject/1069059/
《单身（50周年典藏纪念版）》,[美] 克里斯托弗・艾什伍德,8.1,https://book.douban.com/subject/10564102/
《疯癫老人日记》,[日] 谷崎润一郎,8.1,https://book.douban.com/subject/26762116/
《多田便利屋》,[日] 三浦紫苑,8.1,https://book.douban.com/subject/3277199/
《窄门》,[法] 安德烈・纪德,8.1,https://book.douban.com/subject/4246979/
《二号首长》,黄晓阳,8.1,https://book.douban.com/subject/6085181/
《生死疲劳》,莫言,8.1,https://book.douban.com/subject/1465007/
《扶桑》,严歌苓,8.1,https://book.douban.com/subject/1124305/
《余罪7》,常书欣,8.1,https://book.douban.com/subject/26904479/
《写在身体上》,[英] 珍妮特・温特森,8.1,https://book.douban.com/subject/5940829/
《异常》,桐野夏生,8.1,https://book.douban.com/subject/4882013/
《第八日的蝉》,[日] 角田光代,8.1,https://book.douban.com/subject/4105411/
《荒人手记》,朱天文,8.1,https://book.douban.com/subject/3662594/
《红与黑》,司汤达,8.1,https://book.douban.com/subject/1007433/
《檀香刑》,莫言,8.1,https://book.douban.com/subject/1043485/
《湖边小屋》,[加拿大]威廉・扬,8.1,https://book.douban.com/subject/26870406/
《白昼的死角》,[日] 高木彬光,8.1,https://book.douban.com/subject/26742634/
《蒂凡尼的早餐》,[美] 杜鲁门・卡波特,8.1,https://book.douban.com/subject/3246904/
《生死场》,萧红,8.1,https://book.douban.com/subject/1317899/
《羊脂球》,（法）莫泊桑,8.1,https://book.douban.com/subject/1205370/
《芙蓉镇》,古华,8.1,https://book.douban.com/subject/1200843/
《你在天堂里遇见的五个人》,[美] 米奇・阿尔博姆,8.1,https://book.douban.com/subject/2193877/
《鬼吹灯之精绝古城》,天下霸唱,8.1,https://book.douban.com/subject/1882933/
《孤独的池塘》,[法] 弗朗索瓦丝・萨冈,8.1,https://book.douban.com/subject/6874612/
《夜色温柔》,[美]F・S・菲茨杰拉德,8.1,https://book.douban.com/subject/5406557/
《我的前半生》,亦舒,8.1,https://book.douban.com/subject/2230208/
《簪中录》,侧侧轻寒,8.1,https://book.douban.com/subject/26284304/
《失恋33天》,鲍鲸鲸,8.1,https://book.douban.com/subject/4238754/
《请你安静些，好吗？》,(美)雷蒙德・卡佛,8.1,https://book.douban.com/subject/20425433/
《别让我走》,(英)石黑一雄,8.1,https://book.douban.com/subject/6885341/
《侠隐》,张北海,8.1,https://book.douban.com/subject/2079345/
《妩媚航班》,笛安,8.1,https://book.douban.com/subject/20424609/
《诗人和鲸鱼》,甄妮,8.1,https://book.douban.com/subject/26862572/
《白噪音》,(美)唐・德里罗,8.1,https://book.douban.com/subject/24523678/
《狂野之夜！》,[美] 乔伊斯・卡罗尔・欧茨,8.1,https://book.douban.com/subject/6010156/
《华氏451》,（美）雷・布雷德伯利,8.1,https://book.douban.com/subject/1321790/
《6点27分的朗读者》,[法] 让-保尔迪迪耶洛朗,8.1,https://book.douban.com/subject/26285734/
《儒林外史》,吴敬梓,8.1,https://book.douban.com/subject/1042053/
《我要渐渐忘记这个世界了》,罗恩・科尔曼,8.1,https://book.douban.com/subject/26676298/
《寻羊冒险记》,[日] 村上春树,8.1,https://book.douban.com/subject/1031740/
《中性》,[美] 杰弗里・尤金尼德斯,8.1,https://book.douban.com/subject/2568067/
《我在雨中等你》,[美] 加思・斯坦,8.1,https://book.douban.com/subject/3302645/
《楼下的房客》,九把刀,8.1,https://book.douban.com/subject/1485495/
《余罪3》,常书欣,8.1,https://book.douban.com/subject/26755836/
《祖与占》,[法]  亨利-皮埃尔・罗什,8.1,https://book.douban.com/subject/4898547/
《只要在一起》,(法)安娜・卡瓦尔达,8.1,https://book.douban.com/subject/2059994/
《血日苍茫》,谢友祥,8.1,https://book.douban.com/subject/26901311/
《无知》,[捷克] 米兰・昆德拉,8.1,https://book.douban.com/subject/1057197/
《美洲纳粹文学》,[智利] 罗贝托・波拉尼奥,8.1,https://book.douban.com/subject/25837539/
《没有街道的城市》,苏先生,8.1,https://book.douban.com/subject/26307520/
《米娅，快跑》,秦与希,8.1,https://book.douban.com/subject/3664754/
《白夜》,[俄] 陀思妥耶夫斯基,8.1,https://book.douban.com/subject/21993104/
《挪威的森林》,[日] 村上春树,8.0,https://book.douban.com/subject/1046265/
《最初的爱情 最后的仪式》,[英] 伊恩・麦克尤恩,8.0,https://book.douban.com/subject/4011440/
《逃离》,艾丽丝・门罗,8.0,https://book.douban.com/subject/3831788/
《精神科的故事：空中秋千》,[日] 奥田英朗,8.0,https://book.douban.com/subject/26821903/
《质数的孤独》,[意] 保罗・乔尔达诺,8.0,https://book.douban.com/subject/5958726/
《老残游记》,[清] 刘鹗,8.0,https://book.douban.com/subject/1119590/
《如何阅读一本小说》,[美] 托马斯・福斯特,8.0,https://book.douban.com/subject/26305561/
《夏目友人帐》,村井贞之,8.0,https://book.douban.com/subject/26856953/
《何以笙箫默》,顾漫,8.0,https://book.douban.com/subject/1461903/
《纯真博物馆》,[土耳其] 奥尔罕・帕慕克,8.0,https://book.douban.com/subject/4154988/
《暗夜独行客》,[美] 雷・布拉德伯里,8.0,https://book.douban.com/subject/26722307/
《在不安的世界安静的活》,王欣,8.0,https://book.douban.com/subject/25957554/
《偷书贼》,[澳] 马克斯・苏萨克,8.0,https://book.douban.com/subject/2180619/
《神经漫游者》,[美] 威廉・吉布森,8.0,https://book.douban.com/subject/24107596/
《Harry Potter and the Cursed Child》,J.K. Rowling,8.0,https://book.douban.com/subject/26725405/
《安尼尔的鬼魂》,[加拿大] 迈克尔・翁达杰,8.0,https://book.douban.com/subject/26728131/
《小说课（壹）》,许荣哲,8.0,https://book.douban.com/subject/26738797/
《面包会有的》,苗炜,8.0,https://book.douban.com/subject/26461519/
《莲花》,安妮宝贝,8.0,https://book.douban.com/subject/1529893/
《美国众神》,[英] 尼尔・盖曼,8.0,https://book.douban.com/subject/1939182/
《一地鸡毛》,刘震云,8.0,https://book.douban.com/subject/1050566/
《雪国》,[日] 川端康成,8.0,https://book.douban.com/subject/24736899/
《看上去很美》,王朔,8.0,https://book.douban.com/subject/1015584/
《东京奇谭集》,[日] 村上春树,8.0,https://book.douban.com/subject/1848256/
《谋杀电视机》,大头马,8.0,https://book.douban.com/subject/26659419/
《丰乳肥臀》,莫言,8.0,https://book.douban.com/subject/1010349/
《敦煌》,[日]井上靖,8.0,https://book.douban.com/subject/5348044/
《别的声音，别的房间》,[美] 杜鲁门・卡波特,8.0,https://book.douban.com/subject/5448179/
《复活》,[俄]列夫・托尔斯泰,8.0,https://book.douban.com/subject/1255288/
《被掩埋的巨人》,[英] 石黑一雄,8.0,https://book.douban.com/subject/26575658/
《西决》,笛安,8.0,https://book.douban.com/subject/3598313/
《我的拖延症女友》,Priest,8.0,https://book.douban.com/subject/26043287/
《死神的精确度》,[日] 伊坂幸太郎,8.0,https://book.douban.com/subject/3785741/
《戏梦巴黎》,(英) 阿代尔,8.0,https://book.douban.com/subject/4262685/
《坏小孩》,紫金陈,8.0,https://book.douban.com/subject/25955474/
《晚来寂静》,李海鹏,8.0,https://book.douban.com/subject/6718314/
《掉伞天》,蒋晓云,8.0,https://book.douban.com/subject/19963470/
《安琪拉的灰烬2 就是这儿》,弗兰克・迈考特,8.0,https://book.douban.com/subject/5281169/
《骄阳似我》,顾漫,8.0,https://book.douban.com/subject/23795254/
《名声》,[德]丹尼尔・凯曼,8.0,https://book.douban.com/subject/19894080/
《圈子圈套1》,王强,8.0,https://book.douban.com/subject/2309689/
《一半是海水一半是火焰》,王朔,8.0,https://book.douban.com/subject/1049477/
《余罪 2》,常书欣,8.0,https://book.douban.com/subject/26689989/
《柠檬桌子》,(英)朱利安・巴恩斯,8.0,https://book.douban.com/subject/10774932/
《推拿》,毕飞宇,8.0,https://book.douban.com/subject/3239913/
《东方故事集》,(法)玛格丽特・尤瑟纳尔,8.0,https://book.douban.com/subject/3024319/
《偷影子的人》,(法)马克・李维,7.9,https://book.douban.com/subject/10763902/
《茧》,张悦然,7.9,https://book.douban.com/subject/26821459/
《麦田里的守望者》,[美国] J. D. 塞林格,7.9,https://book.douban.com/subject/1082518/
《余生皆假期》,伊坂幸太郎,7.9,https://book.douban.com/subject/25892399/
《1988：我想和这个世界谈谈》,韩寒,7.9,https://book.douban.com/subject/5275059/
《我二十九岁的夏天》,有鹿,7.9,https://book.douban.com/subject/26801234/
《致我们终将逝去的青春》,辛夷坞,7.9,https://book.douban.com/subject/2209098/
《巴塞尔姆的60个故事》,[美] 唐纳德・巴塞尔姆,7.9,https://book.douban.com/subject/26412776/
《枯枝败叶》,[哥伦比亚] 加西亚・马尔克斯,7.9,https://book.douban.com/subject/20392525/
《礼拜二午睡时刻》,[哥伦比亚] 加西亚・马尔克斯,7.9,https://book.douban.com/subject/26276923/
《这也会过去》,【西班牙】米莲娜・布斯克茨,7.9,https://book.douban.com/subject/26830844/
《我们》,[俄] 尤金・扎米亚金,7.9,https://book.douban.com/subject/1434071/
《我是猫》,[日]夏目漱石,7.9,https://book.douban.com/subject/1000856/
《蛙》,莫言,7.9,https://book.douban.com/subject/4169424/
《房间》,(爱尔兰)爱玛・多诺霍,7.9,https://book.douban.com/subject/7007231/
《雨必将落下》,(英)米歇尔・法柏,7.9,https://book.douban.com/subject/6560651/
《星期一没有什么故事可说》,苏先生,7.9,https://book.douban.com/subject/26775392/
《怪房客》,(法) 托波尔,7.9,https://book.douban.com/subject/26366422/
《堂吉诃德》,塞万提斯,7.9,https://book.douban.com/subject/1005918/
《太阳黑子》,须一瓜,7.9,https://book.douban.com/subject/4799445/
《恋爱中的骗子》,[美] 理查德・耶茨,7.9,https://book.douban.com/subject/6041086/
《山楂树之恋》,艾米,7.9,https://book.douban.com/subject/2243213/
《布鲁克林》,[爱尔兰] 科尔姆・托宾,7.9,https://book.douban.com/subject/4605558/
《离别之音》,(日)青山七惠,7.8,https://book.douban.com/subject/10345560/
《精神科的故事：在游泳池》,[日] 奥田英朗,7.8,https://book.douban.com/subject/26787931/
《当我们谈论爱情时我们在谈论什么》,[美] 雷蒙德・卡佛,7.8,https://book.douban.com/subject/4010969/
《死神的浮力》,[日]伊坂幸太郎,7.8,https://book.douban.com/subject/26769999/
《奇迹》,[日]是枝裕和,7.8,https://book.douban.com/subject/26735085/
《杜拉拉升职记》,李可,7.8,https://book.douban.com/subject/2256039/
《抵达之谜》,奈保尔,7.8,https://book.douban.com/subject/1154561/
《芒果街上的小屋》,[美国] 桑德拉・希斯内罗丝,7.8,https://book.douban.com/subject/1794620/
《我的名字叫红》,[土耳其] 奥尔罕・帕慕克,7.8,https://book.douban.com/subject/1851385/
《我不是潘金莲》,刘震云,7.8,https://book.douban.com/subject/6742586/
《在路上》,[美] 杰克・凯鲁亚克,7.8,https://book.douban.com/subject/1917972/
《几乎没有记忆》,(美) 莉迪亚・戴维斯,7.8,https://book.douban.com/subject/26264210/
《且听风吟》,[日] 村上春树,7.8,https://book.douban.com/subject/1039752/
《手机里的男朋友》,方慧,7.8,https://book.douban.com/subject/26647727/
《笼中的爱人》,[英] 蕾切尔・阿博特,7.8,https://book.douban.com/subject/26666917/
《苦妓回忆录》,加西亚・马尔克斯,7.8,https://book.douban.com/subject/26276279/
《皮囊》,蔡崇达,7.8,https://book.douban.com/subject/26278687/
《我心中尚未崩坏的部分》,白石一文,7.8,https://book.douban.com/subject/24319078/
《只爱陌生人》,[英] 伊恩・麦克尤恩,7.8,https://book.douban.com/subject/4151134/
《恋爱中的男人》,[德] 马丁・瓦尔泽(Martin Walser),7.8,https://book.douban.com/subject/4105424/
《我已经结婚了  我心情还不好》,[挪威]阿澜・卢,7.8,https://book.douban.com/subject/26108007/
《西夏旅馆》,骆以军,7.8,https://book.douban.com/subject/5423772/
《北回归线》,亨利米勒,7.8,https://book.douban.com/subject/1083317/
《包法利夫人》,福楼拜,7.8,https://book.douban.com/subject/1083477/
《华莱士人鱼》,[日] 岩井俊二,7.8,https://book.douban.com/subject/3191044/
《镜花缘》,李汝珍,7.8,https://book.douban.com/subject/1144385/
《彼岸花》,安妮宝贝,7.8,https://book.douban.com/subject/1065970/
《黑王子》,艾丽丝・默多克,7.8,https://book.douban.com/subject/3090839/
《古董衣情缘》,[英] 伊莎贝尔 沃尔夫,7.8,https://book.douban.com/subject/6973816/
《宠物公墓》,（美）斯蒂芬・金,7.8,https://book.douban.com/subject/4027219/
《第三种爱情》,自由行走,7.8,https://book.douban.com/subject/2376306/
《我不知道该如何像正常人那样生活》,徐晚晴,7.7,https://book.douban.com/subject/26889865/
《岛上书店》,[美] 加布瑞埃拉・泽文,7.7,https://book.douban.com/subject/26340138/
《洛丽塔》,[美] 弗拉基米尔・纳博科夫,7.7,https://book.douban.com/subject/1465324/
《痴人之爱》,（日本）谷崎润一郎,7.7,https://book.douban.com/subject/1069210/
《温柔的叹息》,[日] 青山七惠,7.7,https://book.douban.com/subject/4173403/
《岛》,[英] 维多利亚・希斯洛普,7.7,https://book.douban.com/subject/3673651/
《小镇忧郁青年的十八种死法》,魏思孝,7.7,https://book.douban.com/subject/26844800/
《且将生活一饮而尽》,李座峰,7.7,https://book.douban.com/subject/26648238/
《同栖生活》,[日]吉田修一,7.7,https://book.douban.com/subject/26825826/
《亲爱的生活》,[加]艾丽丝・门罗,7.7,https://book.douban.com/subject/25870629/
《贵圈》,陈野,7.7,https://book.douban.com/subject/26895181/
《没有女人的男人们》,[日] 村上春树,7.7,https://book.douban.com/subject/26286208/
《舞姬》,森鸥外,7.7,https://book.douban.com/subject/1316444/
《悲观主义的花朵》,廖一梅,7.7,https://book.douban.com/subject/3010130/
《原来你还在这里》,辛夷坞,7.7,https://book.douban.com/subject/2331434/
《巴别塔之犬》,[美] 卡罗琳・帕克丝特,7.7,https://book.douban.com/subject/2139305/
《万物生长》,冯唐,7.7,https://book.douban.com/subject/3018339/
《一个人的朝圣2》,蕾秋・乔伊斯,7.7,https://book.douban.com/subject/26584387/
《余欢》,刘瑜,7.7,https://book.douban.com/subject/1972266/
《蓝另一种蓝》,(日) 山本文绪,7.7,https://book.douban.com/subject/6885715/
《海上大教堂》,[西班牙] 伊德方索・法孔内斯(Ildefonso Falcones),7.7,https://book.douban.com/subject/4233385/
《可爱的骨头》,艾丽斯西伯德,7.7,https://book.douban.com/subject/1026317/
《关于莉莉周的一切》,[日] 岩井俊二,7.7,https://book.douban.com/subject/1926700/
《初夏荷花时期的爱情》,朱天心,7.7,https://book.douban.com/subject/4901590/
《爱你，是我做过最好的事》,笙离,7.7,https://book.douban.com/subject/3183785/
《沥川往事》,玄隐,7.7,https://book.douban.com/subject/3674353/
《因为深爱，所以放手》,[美]科林胡佛,7.7,https://book.douban.com/subject/25913147/
《恶时辰》,[哥伦比亚] 加西亚・马尔克斯,7.7,https://book.douban.com/subject/20392524/
《浮沉》,崔曼莉,7.7,https://book.douban.com/subject/3043491/
《盗墓笔记8・大结局（下）》,南派三叔,7.7,https://book.douban.com/subject/6974102/
《七月与安生》,安妮宝贝 原著,7.6,https://book.douban.com/subject/1006073/
《橘子不是唯一的水果》,[英] 珍妮特・温特森,7.6,https://book.douban.com/subject/4882159/
《小团圆》,张爱玲,7.6,https://book.douban.com/subject/3616310/
《一个人的好天气》,[日] 青山七惠,7.6,https://book.douban.com/subject/2250587/
《教书匠》,~考特,7.6,https://book.douban.com/subject/3189896/
《丈量世界》,[德] 丹尼尔凯曼,7.6,https://book.douban.com/subject/26320883/
《余罪》,常书欣,7.6,https://book.douban.com/subject/26613724/
《如果世上不再有猫》,[日]川村元气,7.6,https://book.douban.com/subject/26242908/
《乌克兰拖拉机简史》,[英] 玛琳娜・柳薇卡,7.6,https://book.douban.com/subject/6879215/
《暗店街》,[法] 帕特里克・莫迪亚诺,7.6,https://book.douban.com/subject/26110579/
《曾有一个人，爱我如生命》,舒仪,7.6,https://book.douban.com/subject/3506871/
《卡门》,[法] 梅里美,7.6,https://book.douban.com/subject/26896710/
《邮差总按两遍铃》,[美] 詹姆斯・M.凯恩,7.6,https://book.douban.com/subject/5921802/
《1Q84 BOOK 3》,[日] 村上春树,7.6,https://book.douban.com/subject/5502995/
《群山之巅》,迟子建,7.6,https://book.douban.com/subject/26284529/
《美好古董衣店》,[美]斯特凡尼・莱曼,7.6,https://book.douban.com/subject/26248587/
《山月不知心底事》,辛夷坞,7.6,https://book.douban.com/subject/3061282/
《偶发空缺》,[英] J. K. 罗琳,7.6,https://book.douban.com/subject/19898714/
《南方有令秧》,笛安,7.6,https://book.douban.com/subject/25852518/
《自杀俱乐部》,[英] 尼克・霍恩比,7.6,https://book.douban.com/subject/2280027/
《智血》,(美) 奥康纳,7.6,https://book.douban.com/subject/4891196/
《裸体午餐》,(美)威廉・巴勒斯,7.6,https://book.douban.com/subject/24523682/
《放学后》,[日]东野圭吾,7.6,https://book.douban.com/subject/4074636/
《眠》,[日] 村上春树 著,7.6,https://book.douban.com/subject/21692813/
《你就这样失去了她》,[美] 朱诺・迪亚斯,7.6,https://book.douban.com/subject/26628145/
《桃之夭夭》,王安忆,7.6,https://book.douban.com/subject/1078566/
《我必须恋爱的理由》,王大根,7.5,https://book.douban.com/subject/26805297/
《我是个年轻人 我心情不太好》,(挪威)阿澜・卢,7.5,https://book.douban.com/subject/10565151/
《失落的秘符》,[美] 丹・布朗,7.5,https://book.douban.com/subject/4171951/
《青春咖啡馆》,[法] 帕特里克・莫迪亚诺,7.5,https://book.douban.com/subject/4714018/
《忽然七日》,[美] 劳伦・奥利弗,7.5,https://book.douban.com/subject/5391766/
《虚无的十字架》,[日] 东野圭吾,7.5,https://book.douban.com/subject/26413027/
《他的国》,韩寒,7.5,https://book.douban.com/subject/3394338/
《穿KENZO的女人》,X莉,7.5,https://book.douban.com/subject/1358404/
《你好，忧愁》,[法] 弗朗索瓦丝・萨冈,7.5,https://book.douban.com/subject/1455933/
《我读书少，你可别骗我》,马伯庸,7.5,https://book.douban.com/subject/19965972/
《驱魔人》,威廉P布拉蒂,7.5,https://book.douban.com/subject/3571559/
《来信勿拆》,【日】浜尾四郎,7.5,https://book.douban.com/subject/26757433/
《失乐园》,渡边淳一,7.5,https://book.douban.com/subject/1008074/
《元年春之祭》,陆秋槎,7.5,https://book.douban.com/subject/26637688/
《我讲个故事，你可别当真啊》,迨,7.5,https://book.douban.com/subject/25897333/
《我有个恋爱想和你谈下》,烟波人长安,7.4,https://book.douban.com/subject/26384985/
《地狱》,(美)丹・布朗,7.4,https://book.douban.com/subject/25756947/
《夜晚属于恋人》,远子,7.4,https://book.douban.com/subject/26698665/
《第十一根手指》,秦明,7.4,https://book.douban.com/subject/25896617/
《而河马被煮死在水槽里》,(美)杰克・凯鲁亚克,7.4,https://book.douban.com/subject/4856199/
《1995-2005夏至未至》,郭敬明,7.4,https://book.douban.com/subject/1049189/
《三重门》,韩寒,7.4,https://book.douban.com/subject/1026425/
《她和他》,（法）马克李维,7.4,https://book.douban.com/subject/26847654/
《1980年代的爱情》,野夫,7.4,https://book.douban.com/subject/25696089/
《庭守之犬》,(日) 岩井俊二,7.4,https://book.douban.com/subject/26673853/
《玛格丽特小镇》,[美] 加・泽文,7.3,https://book.douban.com/subject/26787941/
《痛苦的中国人》,[奥] 彼得・汉德克,7.3,https://book.douban.com/subject/26878104/
《孤独小说家》,[日] 石田衣良,7.3,https://book.douban.com/subject/26735064/
《爱情没那么美好》,[法] 布里吉特・吉罗,7.3,https://book.douban.com/subject/5394486/
《知更鸟女孩》,[美] 查克・温迪格,7.3,https://book.douban.com/subject/26707942/
《孤独旅店：收留无处安放的孤单心事》,石尹,7.3,https://book.douban.com/subject/26717780/
《如果蜗牛有爱情》,丁墨,7.2,https://book.douban.com/subject/25767862/
《t者之邸,山田美,7.2,https://book.douban.com/subject/26785388/
《梦里花落知多少》,郭敬明,7.2,https://book.douban.com/subject/1016300/
《摆渡人》,[英]克莱儿・麦克福尔,7.1,https://book.douban.com/subject/26356948/
《废都》,贾平凹,7.1,https://book.douban.com/subject/1417905/
《庆祝无意义》,[法]米兰・昆德拉,7.0,https://book.douban.com/subject/25881325/
《火车上的女孩》,（英）宝拉・霍金斯,6.9,https://book.douban.com/subject/26609809/
《别相信任何人》,[英]S.J.沃森,6.9,https://book.douban.com/subject/6832303/
《我的朋友陈白露小姐》,海棠,6.9,https://book.douban.com/subject/24754720/
《中国特色的译文读者》,沈诞琦,6.8,https://book.douban.com/subject/26897973/
《第七天》,余华,6.8,https://book.douban.com/subject/24540864/
《永无止尽的约会》,丁丁张,6.6,https://book.douban.com/subject/26840426/
《孤独深处》,郝景芳,6.5,https://book.douban.com/subject/26791407/
《红色》,徐兵 孙强 著,0.0,https://book.douban.com/subject/26891238/
